table,column,rows,missing_count,missing_percent,missing_type,severity,note
exercises,exercise_id,350,0,0.0,No Missing,PASS,No missing values.
exercises,exercise_name,350,0,0.0,No Missing,PASS,No missing values.
exercises,aliases,350,0,0.0,No Missing,PASS,No missing values.
exercises,category,350,0,0.0,No Missing,PASS,No missing values.
exercises,body_region,350,0,0.0,No Missing,PASS,No missing values.
exercises,mechanics_type,350,0,0.0,No Missing,PASS,No missing values.
exercises,movement_pattern,350,0,0.0,No Missing,PASS,No missing values.
exercises,force_type,350,0,0.0,No Missing,PASS,No missing values.
exercises,kinetic_chain,350,0,0.0,No Missing,PASS,No missing values.
exercises,laterality,350,0,0.0,No Missing,PASS,No missing values.
exercises,equipment,350,0,0.0,No Missing,PASS,No missing values.
exercises,load_position,350,11,3.143,Acceptable Missing,PASS,Low/acceptable missing rate.
exercises,primary_muscles,350,0,0.0,No Missing,PASS,No missing values.
exercises,secondary_muscles,350,0,0.0,No Missing,PASS,No missing values.
exercises,stabilizer_muscles,350,0,0.0,No Missing,PASS,No missing values.
exercises,movement_planes,350,0,0.0,No Missing,PASS,No missing values.
exercises,joint_actions,350,0,0.0,No Missing,PASS,No missing values.
exercises,range_of_motion_type,350,19,5.429,Acceptable Missing,PASS,Low/acceptable missing rate.
exercises,resistance_profile,350,0,0.0,No Missing,PASS,No missing values.
exercises,muscle_length_bias,350,0,0.0,No Missing,PASS,No missing values.
exercises,axial_loading,350,0,0.0,No Missing,PASS,No missing values.
exercises,minimum_training_level,350,0,0.0,No Missing,PASS,No missing values.
exercises,technical_complexity_score,350,0,0.0,No Missing,PASS,No missing values.
exercises,coordination_requirement,350,0,0.0,No Missing,PASS,No missing values.
exercises,stability_requirement,350,0,0.0,No Missing,PASS,No missing values.
exercises,mobility_requirement,350,0,0.0,No Missing,PASS,No missing values.
exercises,balance_requirement,350,0,0.0,No Missing,PASS,No missing values.
exercises,systemic_fatigue_score,350,0,0.0,No Missing,PASS,No missing values.
exercises,local_fatigue_score,350,0,0.0,No Missing,PASS,No missing values.
exercises,recommended_goals,350,0,0.0,No Missing,PASS,No missing values.
exercises,relative_injury_risk,350,0,0.0,No Missing,PASS,No missing values.
exercises,joint_stress_areas,350,0,0.0,No Missing,PASS,No missing values.
exercises,contraindications,350,0,0.0,No Missing,PASS,No missing values.
exercises,exercise_setup,350,0,0.0,No Missing,PASS,No missing values.
exercises,execution_steps,350,0,0.0,No Missing,PASS,No missing values.
exercises,common_mistakes,350,0,0.0,No Missing,PASS,No missing values.
exercises,cues,350,0,0.0,No Missing,PASS,No missing values.
exercises,breathing_pattern,350,0,0.0,No Missing,PASS,No missing values.
exercises,progressions,350,0,0.0,No Missing,PASS,No missing values.
exercises,regressions,350,0,0.0,No Missing,PASS,No missing values.
exercises,alternatives,350,0,0.0,No Missing,PASS,No missing values.
exercises,met_value,350,0,0.0,No Missing,PASS,No missing values.
exercises,source_ids,350,0,0.0,No Missing,PASS,No missing values.
exercises,record_status,350,0,0.0,No Missing,PASS,No missing values.
exercises,last_reviewed_date,350,0,0.0,No Missing,PASS,No missing values.
users,user_id,500,0,0.0,No Missing,PASS,No missing values.
users,username,500,0,0.0,No Missing,PASS,No missing values.
users,gender,500,0,0.0,No Missing,PASS,No missing values.
users,age,500,0,0.0,No Missing,PASS,No missing values.
users,height_cm,500,0,0.0,No Missing,PASS,No missing values.
users,weight_kg,500,0,0.0,No Missing,PASS,No missing values.
users,body_fat_percent,500,0,0.0,No Missing,PASS,No missing values.
users,bmi,500,0,0.0,No Missing,PASS,No missing values.
users,primary_goal,500,0,0.0,No Missing,PASS,No missing values.
users,goal_filter_tags,500,0,0.0,No Missing,PASS,No missing values.
users,secondary_goal,500,0,0.0,No Missing,PASS,No missing values.
users,training_level,500,0,0.0,No Missing,PASS,No missing values.
users,training_experience_months,500,0,0.0,No Missing,PASS,No missing values.
users,training_days_per_week,500,0,0.0,No Missing,PASS,No missing values.
users,session_duration_minutes,500,0,0.0,No Missing,PASS,No missing values.
users,available_training_days,500,0,0.0,No Missing,PASS,No missing values.
users,available_equipment,500,0,0.0,No Missing,PASS,No missing values.
users,priority_muscles,500,0,0.0,No Missing,PASS,No missing values.
users,avoided_muscles,500,0,0.0,No Missing,PASS,No missing values.
users,preferred_exercise_types,500,0,0.0,No Missing,PASS,No missing values.
users,avoided_exercise_ids,500,0,0.0,No Missing,PASS,No missing values.
users,injuries_or_limitations,500,0,0.0,No Missing,PASS,No missing values.
users,medical_clearance_required,500,0,0.0,No Missing,PASS,No missing values.
users,preferred_split,500,0,0.0,No Missing,PASS,No missing values.
users,activity_level,500,0,0.0,No Missing,PASS,No missing values.
users,sleep_hours,500,0,0.0,No Missing,PASS,No missing values.
users,motivation_level,500,0,0.0,No Missing,PASS,No missing values.
users,gym_access_level,500,0,0.0,No Missing,PASS,No missing values.
users,progression_strategy,500,0,0.0,No Missing,PASS,No missing values.
users,profile_status,500,0,0.0,No Missing,PASS,No missing values.
users,created_at,500,0,0.0,No Missing,PASS,No missing values.
users,updated_at,500,0,0.0,No Missing,PASS,No missing values.
workout_plans,plan_id,1000,0,0.0,No Missing,PASS,No missing values.
workout_plans,user_id,1000,0,0.0,No Missing,PASS,No missing values.
workout_plans,username_snapshot,1000,0,0.0,No Missing,PASS,No missing values.
workout_plans,primary_goal_snapshot,1000,0,0.0,No Missing,PASS,No missing values.
workout_plans,secondary_goal_snapshot,1000,0,0.0,No Missing,PASS,No missing values.
workout_plans,training_level_snapshot,1000,0,0.0,No Missing,PASS,No missing values.
workout_plans,plan_name,1000,0,0.0,No Missing,PASS,No missing values.
workout_plans,plan_type,1000,0,0.0,No Missing,PASS,No missing values.
workout_plans,plan_start_date,1000,0,0.0,No Missing,PASS,No missing values.
workout_plans,plan_end_date,1000,0,0.0,No Missing,PASS,No missing values.
workout_plans,duration_weeks,1000,0,0.0,No Missing,PASS,No missing values.
workout_plans,days_per_week,1000,0,0.0,No Missing,PASS,No missing values.
workout_plans,split_type,1000,0,0.0,No Missing,PASS,No missing values.
workout_plans,session_duration_target_min,1000,0,0.0,No Missing,PASS,No missing values.
workout_plans,progression_strategy,1000,0,0.0,No Missing,PASS,No missing values.
workout_plans,weekly_set_target,1000,0,0.0,No Missing,PASS,No missing values.
workout_plans,session_volume_target,1000,0,0.0,No Missing,PASS,No missing values.
workout_plans,deload_strategy,1000,0,0.0,No Missing,PASS,No missing values.
workout_plans,plan_status,1000,0,0.0,No Missing,PASS,No missing values.
workout_plans,generation_source,1000,0,0.0,No Missing,PASS,No missing values.
workout_plans,generator_version,1000,0,0.0,No Missing,PASS,No missing values.
workout_plans,plan_version,1000,0,0.0,No Missing,PASS,No missing values.
workout_plans,exercise_item_count,1000,0,0.0,No Missing,PASS,No missing values.
workout_plans,rationale,1000,0,0.0,No Missing,PASS,No missing values.
workout_plans,safety_notes,1000,0,0.0,No Missing,PASS,No missing values.
workout_plans,created_at,1000,0,0.0,No Missing,PASS,No missing values.
workout_plans,updated_at,1000,0,0.0,No Missing,PASS,No missing values.
workout_plan_items,plan_item_id,17634,0,0.0,No Missing,PASS,No missing values.
workout_plan_items,plan_id,17634,0,0.0,No Missing,PASS,No missing values.
workout_plan_items,week_number,17634,0,0.0,No Missing,PASS,No missing values.
workout_plan_items,day_number,17634,0,0.0,No Missing,PASS,No missing values.
workout_plan_items,day_name,17634,0,0.0,No Missing,PASS,No missing values.
workout_plan_items,day_type,17634,0,0.0,No Missing,PASS,No missing values.
workout_plan_items,session_name,17634,0,0.0,No Missing,PASS,No missing values.
workout_plan_items,exercise_role,17634,0,0.0,No Missing,PASS,No missing values.
workout_plan_items,priority_score,17634,0,0.0,No Missing,PASS,No missing values.
workout_plan_items,selection_reason,17634,0,0.0,No Missing,PASS,No missing values.
workout_plan_items,focus_muscles,17634,0,0.0,No Missing,PASS,No missing values.
workout_plan_items,exercise_order,17634,0,0.0,No Missing,PASS,No missing values.
workout_plan_items,exercise_id,17634,0,0.0,No Missing,PASS,No missing values.
workout_plan_items,exercise_name_snapshot,17634,0,0.0,No Missing,PASS,No missing values.
workout_plan_items,exercise_min_level_snapshot,17634,0,0.0,No Missing,PASS,No missing values.
workout_plan_items,exercise_goals_snapshot,17634,0,0.0,No Missing,PASS,No missing values.
workout_plan_items,exercise_equipment_snapshot,17634,0,0.0,No Missing,PASS,No missing values.
workout_plan_items,primary_muscles_snapshot,17634,0,0.0,No Missing,PASS,No missing values.
workout_plan_items,sets,17634,0,0.0,No Missing,PASS,No missing values.
workout_plan_items,rep_min,17634,0,0.0,No Missing,PASS,No missing values.
workout_plan_items,rep_max,17634,0,0.0,No Missing,PASS,No missing values.
workout_plan_items,duration_seconds,17634,17634,100.0,Expected Missing,PASS,Missing is expected for this context.
workout_plan_items,intensity_unit,17634,0,0.0,No Missing,PASS,No missing values.
workout_plan_items,target_intensity,17634,0,0.0,No Missing,PASS,No missing values.
workout_plan_items,rest_seconds,17634,0,0.0,No Missing,PASS,No missing values.
workout_plan_items,tempo,17634,0,0.0,No Missing,PASS,No missing values.
workout_plan_items,set_type,17634,0,0.0,No Missing,PASS,No missing values.
workout_plan_items,warmup_sets,17634,0,0.0,No Missing,PASS,No missing values.
workout_plan_items,is_optional,17634,0,0.0,No Missing,PASS,No missing values.
workout_plan_items,progression_rule,17634,0,0.0,No Missing,PASS,No missing values.
workout_plan_items,substitution_exercise_ids,17634,0,0.0,No Missing,PASS,No missing values.
workout_plan_items,coaching_note,17634,0,0.0,No Missing,PASS,No missing values.
workout_history_sessions,history_session_id,18380,0,0.0,No Missing,PASS,No missing values.
workout_history_sessions,user_id,18380,0,0.0,No Missing,PASS,No missing values.
workout_history_sessions,plan_id,18380,0,0.0,No Missing,PASS,No missing values.
workout_history_sessions,week_number,18380,0,0.0,No Missing,PASS,No missing values.
workout_history_sessions,day_number,18380,0,0.0,No Missing,PASS,No missing values.
workout_history_sessions,planned_day_name,18380,0,0.0,No Missing,PASS,No missing values.
workout_history_sessions,planned_session_name,18380,0,0.0,No Missing,PASS,No missing values.
workout_history_sessions,scheduled_date,18380,0,0.0,No Missing,PASS,No missing values.
workout_history_sessions,completion_status,18380,0,0.0,No Missing,PASS,No missing values.
workout_history_sessions,planned_item_count,18380,0,0.0,No Missing,PASS,No missing values.
workout_history_sessions,completed_item_count,18380,0,0.0,No Missing,PASS,No missing values.
workout_history_sessions,completion_pct,18380,0,0.0,No Missing,PASS,No missing values.
workout_history_sessions,planned_working_sets,18380,0,0.0,No Missing,PASS,No missing values.
workout_history_sessions,completed_working_sets,18380,0,0.0,No Missing,PASS,No missing values.
workout_history_sessions,set_completion_pct,18380,0,0.0,No Missing,PASS,No missing values.
workout_history_sessions,session_duration_target_min,18380,0,0.0,No Missing,PASS,No missing values.
workout_history_sessions,actual_duration_min,18380,0,0.0,No Missing,PASS,No missing values.
workout_history_sessions,session_rpe,18380,1084,5.898,Acceptable Missing,PASS,Low/acceptable missing rate.
workout_history_sessions,energy_before,18380,0,0.0,No Missing,PASS,No missing values.
workout_history_sessions,fatigue_after,18380,1084,5.898,Acceptable Missing,PASS,Low/acceptable missing rate.
workout_history_sessions,sleep_hours_snapshot,18380,0,0.0,No Missing,PASS,No missing values.
workout_history_sessions,body_weight_kg_snapshot,18380,0,0.0,No Missing,PASS,No missing values.
workout_history_sessions,pain_reported,18380,0,0.0,No Missing,PASS,No missing values.
workout_history_sessions,pain_areas,18380,0,0.0,No Missing,PASS,No missing values.
workout_history_sessions,readiness_score,18380,0,0.0,No Missing,PASS,No missing values.
workout_history_sessions,recovery_flag,18380,0,0.0,No Missing,PASS,No missing values.
workout_history_sessions,record_source,18380,0,0.0,No Missing,PASS,No missing values.
workout_history_sessions,is_synthetic,18380,0,0.0,No Missing,PASS,No missing values.
workout_history_sessions,notes,18380,0,0.0,No Missing,PASS,No missing values.
workout_history_sessions,created_at,18380,0,0.0,No Missing,PASS,No missing values.
workout_history_items,history_item_id,80634,0,0.0,No Missing,PASS,No missing values.
workout_history_items,history_session_id,80634,0,0.0,No Missing,PASS,No missing values.
workout_history_items,user_id,80634,0,0.0,No Missing,PASS,No missing values.
workout_history_items,plan_id,80634,0,0.0,No Missing,PASS,No missing values.
workout_history_items,plan_item_id,80634,0,0.0,No Missing,PASS,No missing values.
workout_history_items,exercise_id,80634,0,0.0,No Missing,PASS,No missing values.
workout_history_items,exercise_name_snapshot,80634,0,0.0,No Missing,PASS,No missing values.
workout_history_items,exercise_order,80634,0,0.0,No Missing,PASS,No missing values.
workout_history_items,planned_sets,80634,0,0.0,No Missing,PASS,No missing values.
workout_history_items,planned_rep_min,80634,0,0.0,No Missing,PASS,No missing values.
workout_history_items,planned_rep_max,80634,0,0.0,No Missing,PASS,No missing values.
workout_history_items,planned_target_rpe,80634,0,0.0,No Missing,PASS,No missing values.
workout_history_items,planned_rest_seconds,80634,0,0.0,No Missing,PASS,No missing values.
workout_history_items,actual_sets_completed,80634,0,0.0,No Missing,PASS,No missing values.
workout_history_items,actual_reps_json,80634,0,0.0,No Missing,PASS,No missing values.
workout_history_items,actual_load_kg,80634,80634,100.0,Expected Missing,PASS,Missing is expected for this context.
workout_history_items,actual_rpe,80634,4737,5.875,Expected Missing,PASS,Missing is expected for this context.
workout_history_items,completion_status,80634,0,0.0,No Missing,PASS,No missing values.
workout_history_items,pain_during_exercise,80634,0,0.0,No Missing,PASS,No missing values.
workout_history_items,pain_areas,80634,0,0.0,No Missing,PASS,No missing values.
workout_history_items,technique_quality,80634,4737,5.875,Acceptable Missing,PASS,Low/acceptable missing rate.
workout_history_items,difficulty_rating,80634,4737,5.875,Acceptable Missing,PASS,Low/acceptable missing rate.
workout_history_items,exercise_enjoyment,80634,4737,5.875,Acceptable Missing,PASS,Low/acceptable missing rate.
workout_history_items,feedback_signal,80634,0,0.0,No Missing,PASS,No missing values.
workout_history_items,record_source,80634,0,0.0,No Missing,PASS,No missing values.
workout_history_items,is_synthetic,80634,0,0.0,No Missing,PASS,No missing values.
workout_history_items,notes,80634,0,0.0,No Missing,PASS,No missing values.
workout_history_items,created_at,80634,0,0.0,No Missing,PASS,No missing values.
workout_history_summary,summary_id,1000,0,0.0,No Missing,PASS,No missing values.
workout_history_summary,user_id,1000,0,0.0,No Missing,PASS,No missing values.
workout_history_summary,plan_id,1000,0,0.0,No Missing,PASS,No missing values.
workout_history_summary,representative_week,1000,0,0.0,No Missing,PASS,No missing values.
workout_history_summary,representative_day,1000,0,0.0,No Missing,PASS,No missing values.
workout_history_summary,session_status,1000,0,0.0,No Missing,PASS,No missing values.
workout_history_summary,session_completion_pct,1000,0,0.0,No Missing,PASS,No missing values.
workout_history_summary,set_completion_pct,1000,0,0.0,No Missing,PASS,No missing values.
workout_history_summary,session_rpe,1000,58,5.8,Acceptable Missing,PASS,Low/acceptable missing rate.
workout_history_summary,fatigue_after,1000,58,5.8,Acceptable Missing,PASS,Low/acceptable missing rate.
workout_history_summary,pain_reported,1000,0,0.0,No Missing,PASS,No missing values.
workout_history_summary,avg_difficulty,1000,58,5.8,Acceptable Missing,PASS,Low/acceptable missing rate.
workout_history_summary,avg_enjoyment,1000,58,5.8,Acceptable Missing,PASS,Low/acceptable missing rate.
workout_history_summary,positive_items,1000,0,0.0,No Missing,PASS,No missing values.
workout_history_summary,neutral_items,1000,0,0.0,No Missing,PASS,No missing values.
workout_history_summary,negative_items,1000,0,0.0,No Missing,PASS,No missing values.
workout_history_summary,recovery_flag,1000,0,0.0,No Missing,PASS,No missing values.
workout_history_summary,progression_recommendation,1000,0,0.0,No Missing,PASS,No missing values.
user_feedback,feedback_id,14500,0,0.0,No Missing,PASS,No missing values.
user_feedback,user_id,14500,0,0.0,No Missing,PASS,No missing values.
user_feedback,plan_id,14500,400,2.759,Expected Missing,PASS,Optional feedback scope columns may be blank for General/Plan/Session feedback.
user_feedback,history_session_id,14500,1400,9.655,Expected Missing,PASS,Optional feedback scope columns may be blank for General/Plan/Session feedback.
user_feedback,history_item_id,14500,5500,37.931,Expected Missing,PASS,Optional feedback scope columns may be blank for General/Plan/Session feedback.
user_feedback,plan_item_id,14500,5500,37.931,Expected Missing,PASS,Optional feedback scope columns may be blank for General/Plan/Session feedback.
user_feedback,exercise_id,14500,5500,37.931,Expected Missing,PASS,Optional feedback scope columns may be blank for General/Plan/Session feedback.
user_feedback,feedback_scope,14500,0,0.0,No Missing,PASS,No missing values.
user_feedback,feedback_type,14500,0,0.0,No Missing,PASS,No missing values.
user_feedback,rating,14500,0,0.0,No Missing,PASS,No missing values.
user_feedback,sentiment,14500,0,0.0,No Missing,PASS,No missing values.
user_feedback,difficulty_feedback,14500,0,0.0,No Missing,PASS,No missing values.
user_feedback,enjoyment_rating,14500,0,0.0,No Missing,PASS,No missing values.
user_feedback,fatigue_feedback,14500,0,0.0,No Missing,PASS,No missing values.
user_feedback,pain_feedback,14500,0,0.0,No Missing,PASS,No missing values.
user_feedback,pain_areas,14500,0,0.0,No Missing,PASS,No missing values.
user_feedback,duration_feedback,14500,0,0.0,No Missing,PASS,No missing values.
user_feedback,exercise_preference,14500,0,0.0,No Missing,PASS,No missing values.
user_feedback,progression_preference,14500,0,0.0,No Missing,PASS,No missing values.
user_feedback,requested_action,14500,0,0.0,No Missing,PASS,No missing values.
user_feedback,feedback_text,14500,0,0.0,No Missing,PASS,No missing values.
user_feedback,feedback_reason_tags,14500,0,0.0,No Missing,PASS,No missing values.
user_feedback,source_context,14500,0,0.0,No Missing,PASS,No missing values.
user_feedback,feedback_status,14500,0,0.0,No Missing,PASS,No missing values.
user_feedback,record_source,14500,0,0.0,No Missing,PASS,No missing values.
user_feedback,is_synthetic,14500,0,0.0,No Missing,PASS,No missing values.
user_feedback,created_at,14500,0,0.0,No Missing,PASS,No missing values.
user_feedback,updated_at,14500,0,0.0,No Missing,PASS,No missing values.
