source_url,target_file,original_path
https://huggingface.co/datasets/RepDB/exercise-dataset/resolve/main/images/flat/ab-wheel-rollout-peak.webp,C:\Doan2\Do_an_2\AI\image\flat\ab-wheel-rollout-peak.webp,images/flat/ab-wheel-rollout-peak.webp
https://huggingface.co/datasets/RepDB/exercise-dataset/resolve/main/images/flat/ab-wheel-rollout-start.webp,C:\Doan2\Do_an_2\AI\image\flat\ab-wheel-rollout-start.webp,images/flat/ab-wheel-rollout-start.webp
https://huggingface.co/datasets/RepDB/exercise-dataset/resolve/main/images/flat/air-bike-main.webp,C:\Doan2\Do_an_2\AI\image\flat\air-bike-main.webp,images/flat/air-bike-main.webp
https://huggingface.co/datasets/RepDB/exercise-dataset/resolve/main/images/flat/archer-pull-ups-peak.webp,C:\Doan2\Do_an_2\AI\image\flat\archer-pull-ups-peak.webp,images/flat/archer-pull-ups-peak.webp
https://huggingface.co/datasets/RepDB/exercise-dataset/resolve/main/images/flat/archer-pull-ups-start.webp,C:\Doan2\Do_an_2\AI\image\flat\archer-pull-ups-start.webp,images/flat/archer-pull-ups-start.webp
https://huggingface.co/datasets/RepDB/exercise-dataset/resolve/main/images/flat/archer-push-ups-peak.webp,C:\Doan2\Do_an_2\AI\image\flat\archer-push-ups-peak.webp,images/flat/archer-push-ups-peak.webp
https://huggingface.co/datasets/RepDB/exercise-dataset/resolve/main/images/flat/archer-push-ups-start.webp,C:\Doan2\Do_an_2\AI\image\flat\archer-push-ups-start.webp,images/flat/archer-push-ups-start.webp
https://huggingface.co/datasets/RepDB/exercise-dataset/resolve/main/images/flat/arnold-press-peak.webp,C:\Doan2\Do_an_2\AI\image\flat\arnold-press-peak.webp,images/flat/arnold-press-peak.webp
https://huggingface.co/datasets/RepDB/exercise-dataset/resolve/main/images/flat/arnold-press-start.webp,C:\Doan2\Do_an_2\AI\image\flat\arnold-press-start.webp,images/flat/arnold-press-start.webp
https://huggingface.co/datasets/RepDB/exercise-dataset/resolve/main/images/flat/assisted-dips-peak.webp,C:\Doan2\Do_an_2\AI\image\flat\assisted-dips-peak.webp,images/flat/assisted-dips-peak.webp
https://huggingface.co/datasets/RepDB/exercise-dataset/resolve/main/images/flat/assisted-dips-start.webp,C:\Doan2\Do_an_2\AI\image\flat\assisted-dips-start.webp,images/flat/assisted-dips-start.webp
https://huggingface.co/datasets/RepDB/exercise-dataset/resolve/main/images/flat/assisted-pull-ups-peak.webp,C:\Doan2\Do_an_2\AI\image\flat\assisted-pull-ups-peak.webp,images/flat/assisted-pull-ups-peak.webp
https://huggingface.co/datasets/RepDB/exercise-dataset/resolve/main/images/flat/assisted-pull-ups-start.webp,C:\Doan2\Do_an_2\AI\image\flat\assisted-pull-ups-start.webp,images/flat/assisted-pull-ups-start.webp
https://huggingface.co/datasets/RepDB/exercise-dataset/resolve/main/images/flat/back-extension-peak.webp,C:\Doan2\Do_an_2\AI\image\flat\back-extension-peak.webp,images/flat/back-extension-peak.webp
https://huggingface.co/datasets/RepDB/exercise-dataset/resolve/main/images/flat/back-extension-start.webp,C:\Doan2\Do_an_2\AI\image\flat\back-extension-start.webp,images/flat/back-extension-start.webp
https://huggingface.co/datasets/RepDB/exercise-dataset/resolve/main/images/flat/band-assisted-pull-ups-peak.webp,C:\Doan2\Do_an_2\AI\image\flat\band-assisted-pull-ups-peak.webp,images/flat/band-assisted-pull-ups-peak.webp
https://huggingface.co/datasets/RepDB/exercise-dataset/resolve/main/images/flat/band-assisted-pull-ups-start.webp,C:\Doan2\Do_an_2\AI\image\flat\band-assisted-pull-ups-start.webp,images/flat/band-assisted-pull-ups-start.webp
https://huggingface.co/datasets/RepDB/exercise-dataset/resolve/main/images/flat/banded-adductor-stretch-main.webp,C:\Doan2\Do_an_2\AI\image\flat\banded-adductor-stretch-main.webp,images/flat/banded-adductor-stretch-main.webp
https://huggingface.co/datasets/RepDB/exercise-dataset/resolve/main/images/flat/banded-ankle-stretch-main.webp,C:\Doan2\Do_an_2\AI\image\flat\banded-ankle-stretch-main.webp,images/flat/banded-ankle-stretch-main.webp
https://huggingface.co/datasets/RepDB/exercise-dataset/resolve/main/images/flat/banded-calf-stretch-main.webp,C:\Doan2\Do_an_2\AI\image\flat\banded-calf-stretch-main.webp,images/flat/banded-calf-stretch-main.webp
https://huggingface.co/datasets/RepDB/exercise-dataset/resolve/main/images/flat/banded-chest-stretch-main.webp,C:\Doan2\Do_an_2\AI\image\flat\banded-chest-stretch-main.webp,images/flat/banded-chest-stretch-main.webp
https://huggingface.co/datasets/RepDB/exercise-dataset/resolve/main/images/flat/banded-figure-4-stretch-main.webp,C:\Doan2\Do_an_2\AI\image\flat\banded-figure-4-stretch-main.webp,images/flat/banded-figure-4-stretch-main.webp
https://huggingface.co/datasets/RepDB/exercise-dataset/resolve/main/images/flat/banded-hamstring-stretch-main.webp,C:\Doan2\Do_an_2\AI\image\flat\banded-hamstring-stretch-main.webp,images/flat/banded-hamstring-stretch-main.webp
https://huggingface.co/datasets/RepDB/exercise-dataset/resolve/main/images/flat/banded-it-band-stretch-main.webp,C:\Doan2\Do_an_2\AI\image\flat\banded-it-band-stretch-main.webp,images/flat/banded-it-band-stretch-main.webp
https://huggingface.co/datasets/RepDB/exercise-dataset/resolve/main/images/flat/banded-lat-stretch-main.webp,C:\Doan2\Do_an_2\AI\image\flat\banded-lat-stretch-main.webp,images/flat/banded-lat-stretch-main.webp
https://huggingface.co/datasets/RepDB/exercise-dataset/resolve/main/images/flat/banded-rear-delt-stretch-main.webp,C:\Doan2\Do_an_2\AI\image\flat\banded-rear-delt-stretch-main.webp,images/flat/banded-rear-delt-stretch-main.webp
https://huggingface.co/datasets/RepDB/exercise-dataset/resolve/main/images/flat/banded-shoulder-stretch-main.webp,C:\Doan2\Do_an_2\AI\image\flat\banded-shoulder-stretch-main.webp,images/flat/banded-shoulder-stretch-main.webp
https://huggingface.co/datasets/RepDB/exercise-dataset/resolve/main/images/flat/banded-triceps-stretch-main.webp,C:\Doan2\Do_an_2\AI\image\flat\banded-triceps-stretch-main.webp,images/flat/banded-triceps-stretch-main.webp
https://huggingface.co/datasets/RepDB/exercise-dataset/resolve/main/images/flat/barbell-calf-raise-peak.webp,C:\Doan2\Do_an_2\AI\image\flat\barbell-calf-raise-peak.webp,images/flat/barbell-calf-raise-peak.webp
https://huggingface.co/datasets/RepDB/exercise-dataset/resolve/main/images/flat/barbell-calf-raise-start.webp,C:\Doan2\Do_an_2\AI\image\flat\barbell-calf-raise-start.webp,images/flat/barbell-calf-raise-start.webp
https://huggingface.co/datasets/RepDB/exercise-dataset/resolve/main/images/flat/barbell-curl-peak.webp,C:\Doan2\Do_an_2\AI\image\flat\barbell-curl-peak.webp,images/flat/barbell-curl-peak.webp
https://huggingface.co/datasets/RepDB/exercise-dataset/resolve/main/images/flat/barbell-curl-start.webp,C:\Doan2\Do_an_2\AI\image\flat\barbell-curl-start.webp,images/flat/barbell-curl-start.webp
https://huggingface.co/datasets/RepDB/exercise-dataset/resolve/main/images/flat/barbell-front-raise-peak.webp,C:\Doan2\Do_an_2\AI\image\flat\barbell-front-raise-peak.webp,images/flat/barbell-front-raise-peak.webp
https://huggingface.co/datasets/RepDB/exercise-dataset/resolve/main/images/flat/barbell-front-raise-start.webp,C:\Doan2\Do_an_2\AI\image\flat\barbell-front-raise-start.webp,images/flat/barbell-front-raise-start.webp
https://huggingface.co/datasets/RepDB/exercise-dataset/resolve/main/images/flat/barbell-glute-bridge-peak.webp,C:\Doan2\Do_an_2\AI\image\flat\barbell-glute-bridge-peak.webp,images/flat/barbell-glute-bridge-peak.webp
https://huggingface.co/datasets/RepDB/exercise-dataset/resolve/main/images/flat/barbell-glute-bridge-start.webp,C:\Doan2\Do_an_2\AI\image\flat\barbell-glute-bridge-start.webp,images/flat/barbell-glute-bridge-start.webp
https://huggingface.co/datasets/RepDB/exercise-dataset/resolve/main/images/flat/barbell-pullover-peak.webp,C:\Doan2\Do_an_2\AI\image\flat\barbell-pullover-peak.webp,images/flat/barbell-pullover-peak.webp
https://huggingface.co/datasets/RepDB/exercise-dataset/resolve/main/images/flat/barbell-pullover-start.webp,C:\Doan2\Do_an_2\AI\image\flat\barbell-pullover-start.webp,images/flat/barbell-pullover-start.webp
https://huggingface.co/datasets/RepDB/exercise-dataset/resolve/main/images/flat/barbell-reverse-lunge-peak.webp,C:\Doan2\Do_an_2\AI\image\flat\barbell-reverse-lunge-peak.webp,images/flat/barbell-reverse-lunge-peak.webp
https://huggingface.co/datasets/RepDB/exercise-dataset/resolve/main/images/flat/barbell-reverse-lunge-start.webp,C:\Doan2\Do_an_2\AI\image\flat\barbell-reverse-lunge-start.webp,images/flat/barbell-reverse-lunge-start.webp
https://huggingface.co/datasets/RepDB/exercise-dataset/resolve/main/images/flat/barbell-row-peak.webp,C:\Doan2\Do_an_2\AI\image\flat\barbell-row-peak.webp,images/flat/barbell-row-peak.webp
https://huggingface.co/datasets/RepDB/exercise-dataset/resolve/main/images/flat/barbell-row-start.webp,C:\Doan2\Do_an_2\AI\image\flat\barbell-row-start.webp,images/flat/barbell-row-start.webp
https://huggingface.co/datasets/RepDB/exercise-dataset/resolve/main/images/flat/battle-ropes-main.webp,C:\Doan2\Do_an_2\AI\image\flat\battle-ropes-main.webp,images/flat/battle-ropes-main.webp
https://huggingface.co/datasets/RepDB/exercise-dataset/resolve/main/images/flat/behind-the-back-barbell-shrug-peak.webp,C:\Doan2\Do_an_2\AI\image\flat\behind-the-back-barbell-shrug-peak.webp,images/flat/behind-the-back-barbell-shrug-peak.webp
https://huggingface.co/datasets/RepDB/exercise-dataset/resolve/main/images/flat/behind-the-back-barbell-shrug-start.webp,C:\Doan2\Do_an_2\AI\image\flat\behind-the-back-barbell-shrug-start.webp,images/flat/behind-the-back-barbell-shrug-start.webp
https://huggingface.co/datasets/RepDB/exercise-dataset/resolve/main/images/flat/behind-the-neck-press-peak.webp,C:\Doan2\Do_an_2\AI\image\flat\behind-the-neck-press-peak.webp,images/flat/behind-the-neck-press-peak.webp
https://huggingface.co/datasets/RepDB/exercise-dataset/resolve/main/images/flat/behind-the-neck-press-start.webp,C:\Doan2\Do_an_2\AI\image\flat\behind-the-neck-press-start.webp,images/flat/behind-the-neck-press-start.webp
https://huggingface.co/datasets/RepDB/exercise-dataset/resolve/main/images/flat/bench-adductor-stretch-main.webp,C:\Doan2\Do_an_2\AI\image\flat\bench-adductor-stretch-main.webp,images/flat/bench-adductor-stretch-main.webp
https://huggingface.co/datasets/RepDB/exercise-dataset/resolve/main/images/flat/bench-ankle-stretch-main.webp,C:\Doan2\Do_an_2\AI\image\flat\bench-ankle-stretch-main.webp,images/flat/bench-ankle-stretch-main.webp
https://huggingface.co/datasets/RepDB/exercise-dataset/resolve/main/images/flat/bench-bulgarian-split-stretch-main.webp,C:\Doan2\Do_an_2\AI\image\flat\bench-bulgarian-split-stretch-main.webp,images/flat/bench-bulgarian-split-stretch-main.webp
https://huggingface.co/datasets/RepDB/exercise-dataset/resolve/main/images/flat/bench-calf-stretch-main.webp,C:\Doan2\Do_an_2\AI\image\flat\bench-calf-stretch-main.webp,images/flat/bench-calf-stretch-main.webp
https://huggingface.co/datasets/RepDB/exercise-dataset/resolve/main/images/flat/bench-chest-stretch-main.webp,C:\Doan2\Do_an_2\AI\image\flat\bench-chest-stretch-main.webp,images/flat/bench-chest-stretch-main.webp
https://huggingface.co/datasets/RepDB/exercise-dataset/resolve/main/images/flat/bench-childs-pose-main.webp,C:\Doan2\Do_an_2\AI\image\flat\bench-childs-pose-main.webp,images/flat/bench-childs-pose-main.webp
https://huggingface.co/datasets/RepDB/exercise-dataset/resolve/main/images/flat/bench-couch-stretch-main.webp,C:\Doan2\Do_an_2\AI\image\flat\bench-couch-stretch-main.webp,images/flat/bench-couch-stretch-main.webp
https://huggingface.co/datasets/RepDB/exercise-dataset/resolve/main/images/flat/bench-dips-peak.webp,C:\Doan2\Do_an_2\AI\image\flat\bench-dips-peak.webp,images/flat/bench-dips-peak.webp
https://huggingface.co/datasets/RepDB/exercise-dataset/resolve/main/images/flat/bench-dips-start.webp,C:\Doan2\Do_an_2\AI\image\flat\bench-dips-start.webp,images/flat/bench-dips-start.webp
https://huggingface.co/datasets/RepDB/exercise-dataset/resolve/main/images/flat/bench-figure-4-glute-stretch-main.webp,C:\Doan2\Do_an_2\AI\image\flat\bench-figure-4-glute-stretch-main.webp,images/flat/bench-figure-4-glute-stretch-main.webp
https://huggingface.co/datasets/RepDB/exercise-dataset/resolve/main/images/flat/bench-hamstring-stretch-main.webp,C:\Doan2\Do_an_2\AI\image\flat\bench-hamstring-stretch-main.webp,images/flat/bench-hamstring-stretch-main.webp
https://huggingface.co/datasets/RepDB/exercise-dataset/resolve/main/images/flat/bench-lat-stretch-main.webp,C:\Doan2\Do_an_2\AI\image\flat\bench-lat-stretch-main.webp,images/flat/bench-lat-stretch-main.webp
https://huggingface.co/datasets/RepDB/exercise-dataset/resolve/main/images/flat/bench-press-peak.webp,C:\Doan2\Do_an_2\AI\image\flat\bench-press-peak.webp,images/flat/bench-press-peak.webp
https://huggingface.co/datasets/RepDB/exercise-dataset/resolve/main/images/flat/bench-press-start.webp,C:\Doan2\Do_an_2\AI\image\flat\bench-press-start.webp,images/flat/bench-press-start.webp
https://huggingface.co/datasets/RepDB/exercise-dataset/resolve/main/images/flat/bench-pull-peak.webp,C:\Doan2\Do_an_2\AI\image\flat\bench-pull-peak.webp,images/flat/bench-pull-peak.webp
https://huggingface.co/datasets/RepDB/exercise-dataset/resolve/main/images/flat/bench-pull-start.webp,C:\Doan2\Do_an_2\AI\image\flat\bench-pull-start.webp,images/flat/bench-pull-start.webp
https://huggingface.co/datasets/RepDB/exercise-dataset/resolve/main/images/flat/bent-arm-barbell-pullover-peak.webp,C:\Doan2\Do_an_2\AI\image\flat\bent-arm-barbell-pullover-peak.webp,images/flat/bent-arm-barbell-pullover-peak.webp
https://huggingface.co/datasets/RepDB/exercise-dataset/resolve/main/images/flat/bent-arm-barbell-pullover-start.webp,C:\Doan2\Do_an_2\AI\image\flat\bent-arm-barbell-pullover-start.webp,images/flat/bent-arm-barbell-pullover-start.webp
https://huggingface.co/datasets/RepDB/exercise-dataset/resolve/main/images/flat/bent-over-ez-bar-row-peak.webp,C:\Doan2\Do_an_2\AI\image\flat\bent-over-ez-bar-row-peak.webp,images/flat/bent-over-ez-bar-row-peak.webp
https://huggingface.co/datasets/RepDB/exercise-dataset/resolve/main/images/flat/bent-over-ez-bar-row-start.webp,C:\Doan2\Do_an_2\AI\image\flat\bent-over-ez-bar-row-start.webp,images/flat/bent-over-ez-bar-row-start.webp
https://huggingface.co/datasets/RepDB/exercise-dataset/resolve/main/images/flat/bicep-curl-peak.webp,C:\Doan2\Do_an_2\AI\image\flat\bicep-curl-peak.webp,images/flat/bicep-curl-peak.webp
https://huggingface.co/datasets/RepDB/exercise-dataset/resolve/main/images/flat/bicep-curl-start.webp,C:\Doan2\Do_an_2\AI\image\flat\bicep-curl-start.webp,images/flat/bicep-curl-start.webp
https://huggingface.co/datasets/RepDB/exercise-dataset/resolve/main/images/flat/bicycle-crunch-peak.webp,C:\Doan2\Do_an_2\AI\image\flat\bicycle-crunch-peak.webp,images/flat/bicycle-crunch-peak.webp
https://huggingface.co/datasets/RepDB/exercise-dataset/resolve/main/images/flat/bicycle-crunch-start.webp,C:\Doan2\Do_an_2\AI\image\flat\bicycle-crunch-start.webp,images/flat/bicycle-crunch-start.webp
https://huggingface.co/datasets/RepDB/exercise-dataset/resolve/main/images/flat/bird-dog-hold-main.webp,C:\Doan2\Do_an_2\AI\image\flat\bird-dog-hold-main.webp,images/flat/bird-dog-hold-main.webp
https://huggingface.co/datasets/RepDB/exercise-dataset/resolve/main/images/flat/bodyweight-calf-raise-peak.webp,C:\Doan2\Do_an_2\AI\image\flat\bodyweight-calf-raise-peak.webp,images/flat/bodyweight-calf-raise-peak.webp
https://huggingface.co/datasets/RepDB/exercise-dataset/resolve/main/images/flat/bodyweight-calf-raise-start.webp,C:\Doan2\Do_an_2\AI\image\flat\bodyweight-calf-raise-start.webp,images/flat/bodyweight-calf-raise-start.webp
https://huggingface.co/datasets/RepDB/exercise-dataset/resolve/main/images/flat/bodyweight-good-morning-peak.webp,C:\Doan2\Do_an_2\AI\image\flat\bodyweight-good-morning-peak.webp,images/flat/bodyweight-good-morning-peak.webp
https://huggingface.co/datasets/RepDB/exercise-dataset/resolve/main/images/flat/bodyweight-good-morning-start.webp,C:\Doan2\Do_an_2\AI\image\flat\bodyweight-good-morning-start.webp,images/flat/bodyweight-good-morning-start.webp
https://huggingface.co/datasets/RepDB/exercise-dataset/resolve/main/images/flat/bodyweight-lateral-raise-peak.webp,C:\Doan2\Do_an_2\AI\image\flat\bodyweight-lateral-raise-peak.webp,images/flat/bodyweight-lateral-raise-peak.webp
https://huggingface.co/datasets/RepDB/exercise-dataset/resolve/main/images/flat/bodyweight-lateral-raise-start.webp,C:\Doan2\Do_an_2\AI\image\flat\bodyweight-lateral-raise-start.webp,images/flat/bodyweight-lateral-raise-start.webp
https://huggingface.co/datasets/RepDB/exercise-dataset/resolve/main/images/flat/bodyweight-overhead-press-peak.webp,C:\Doan2\Do_an_2\AI\image\flat\bodyweight-overhead-press-peak.webp,images/flat/bodyweight-overhead-press-peak.webp
https://huggingface.co/datasets/RepDB/exercise-dataset/resolve/main/images/flat/bodyweight-overhead-press-start.webp,C:\Doan2\Do_an_2\AI\image\flat\bodyweight-overhead-press-start.webp,images/flat/bodyweight-overhead-press-start.webp
https://huggingface.co/datasets/RepDB/exercise-dataset/resolve/main/images/flat/bodyweight-squat-peak.webp,C:\Doan2\Do_an_2\AI\image\flat\bodyweight-squat-peak.webp,images/flat/bodyweight-squat-peak.webp
https://huggingface.co/datasets/RepDB/exercise-dataset/resolve/main/images/flat/bodyweight-squat-start.webp,C:\Doan2\Do_an_2\AI\image\flat\bodyweight-squat-start.webp,images/flat/bodyweight-squat-start.webp
https://huggingface.co/datasets/RepDB/exercise-dataset/resolve/main/images/flat/box-jump-peak.webp,C:\Doan2\Do_an_2\AI\image\flat\box-jump-peak.webp,images/flat/box-jump-peak.webp
https://huggingface.co/datasets/RepDB/exercise-dataset/resolve/main/images/flat/box-jump-start.webp,C:\Doan2\Do_an_2\AI\image\flat\box-jump-start.webp,images/flat/box-jump-start.webp
https://huggingface.co/datasets/RepDB/exercise-dataset/resolve/main/images/flat/box-squat-peak.webp,C:\Doan2\Do_an_2\AI\image\flat\box-squat-peak.webp,images/flat/box-squat-peak.webp
https://huggingface.co/datasets/RepDB/exercise-dataset/resolve/main/images/flat/box-squat-start.webp,C:\Doan2\Do_an_2\AI\image\flat\box-squat-start.webp,images/flat/box-squat-start.webp
https://huggingface.co/datasets/RepDB/exercise-dataset/resolve/main/images/flat/bulgarian-split-squat-peak.webp,C:\Doan2\Do_an_2\AI\image\flat\bulgarian-split-squat-peak.webp,images/flat/bulgarian-split-squat-peak.webp
https://huggingface.co/datasets/RepDB/exercise-dataset/resolve/main/images/flat/bulgarian-split-squat-start.webp,C:\Doan2\Do_an_2\AI\image\flat\bulgarian-split-squat-start.webp,images/flat/bulgarian-split-squat-start.webp
https://huggingface.co/datasets/RepDB/exercise-dataset/resolve/main/images/flat/burpees-main.webp,C:\Doan2\Do_an_2\AI\image\flat\burpees-main.webp,images/flat/burpees-main.webp
https://huggingface.co/datasets/RepDB/exercise-dataset/resolve/main/images/flat/cable-bent-over-row-peak.webp,C:\Doan2\Do_an_2\AI\image\flat\cable-bent-over-row-peak.webp,images/flat/cable-bent-over-row-peak.webp
https://huggingface.co/datasets/RepDB/exercise-dataset/resolve/main/images/flat/cable-bent-over-row-start.webp,C:\Doan2\Do_an_2\AI\image\flat\cable-bent-over-row-start.webp,images/flat/cable-bent-over-row-start.webp
https://huggingface.co/datasets/RepDB/exercise-dataset/resolve/main/images/flat/cable-chest-press-peak.webp,C:\Doan2\Do_an_2\AI\image\flat\cable-chest-press-peak.webp,images/flat/cable-chest-press-peak.webp
https://huggingface.co/datasets/RepDB/exercise-dataset/resolve/main/images/flat/cable-chest-press-start.webp,C:\Doan2\Do_an_2\AI\image\flat\cable-chest-press-start.webp,images/flat/cable-chest-press-start.webp
https://huggingface.co/datasets/RepDB/exercise-dataset/resolve/main/images/flat/cable-crunch-peak.webp,C:\Doan2\Do_an_2\AI\image\flat\cable-crunch-peak.webp,images/flat/cable-crunch-peak.webp
https://huggingface.co/datasets/RepDB/exercise-dataset/resolve/main/images/flat/cable-crunch-start.webp,C:\Doan2\Do_an_2\AI\image\flat\cable-crunch-start.webp,images/flat/cable-crunch-start.webp
https://huggingface.co/datasets/RepDB/exercise-dataset/resolve/main/images/flat/cable-curl-peak.webp,C:\Doan2\Do_an_2\AI\image\flat\cable-curl-peak.webp,images/flat/cable-curl-peak.webp
https://huggingface.co/datasets/RepDB/exercise-dataset/resolve/main/images/flat/cable-curl-start.webp,C:\Doan2\Do_an_2\AI\image\flat\cable-curl-start.webp,images/flat/cable-curl-start.webp
https://huggingface.co/datasets/RepDB/exercise-dataset/resolve/main/images/flat/cable-external-rotation-peak.webp,C:\Doan2\Do_an_2\AI\image\flat\cable-external-rotation-peak.webp,images/flat/cable-external-rotation-peak.webp
https://huggingface.co/datasets/RepDB/exercise-dataset/resolve/main/images/flat/cable-external-rotation-start.webp,C:\Doan2\Do_an_2\AI\image\flat\cable-external-rotation-start.webp,images/flat/cable-external-rotation-start.webp
https://huggingface.co/datasets/RepDB/exercise-dataset/resolve/main/images/flat/cable-fly-peak.webp,C:\Doan2\Do_an_2\AI\image\flat\cable-fly-peak.webp,images/flat/cable-fly-peak.webp
https://huggingface.co/datasets/RepDB/exercise-dataset/resolve/main/images/flat/cable-fly-start.webp,C:\Doan2\Do_an_2\AI\image\flat\cable-fly-start.webp,images/flat/cable-fly-start.webp
https://huggingface.co/datasets/RepDB/exercise-dataset/resolve/main/images/flat/cable-front-raise-peak.webp,C:\Doan2\Do_an_2\AI\image\flat\cable-front-raise-peak.webp,images/flat/cable-front-raise-peak.webp
https://huggingface.co/datasets/RepDB/exercise-dataset/resolve/main/images/flat/cable-front-raise-start.webp,C:\Doan2\Do_an_2\AI\image\flat\cable-front-raise-start.webp,images/flat/cable-front-raise-start.webp
https://huggingface.co/datasets/RepDB/exercise-dataset/resolve/main/images/flat/cable-hammer-curl-peak.webp,C:\Doan2\Do_an_2\AI\image\flat\cable-hammer-curl-peak.webp,images/flat/cable-hammer-curl-peak.webp
https://huggingface.co/datasets/RepDB/exercise-dataset/resolve/main/images/flat/cable-hammer-curl-start.webp,C:\Doan2\Do_an_2\AI\image\flat\cable-hammer-curl-start.webp,images/flat/cable-hammer-curl-start.webp
https://huggingface.co/datasets/RepDB/exercise-dataset/resolve/main/images/flat/cable-kickback-peak.webp,C:\Doan2\Do_an_2\AI\image\flat\cable-kickback-peak.webp,images/flat/cable-kickback-peak.webp
https://huggingface.co/datasets/RepDB/exercise-dataset/resolve/main/images/flat/cable-kickback-start.webp,C:\Doan2\Do_an_2\AI\image\flat\cable-kickback-start.webp,images/flat/cable-kickback-start.webp
https://huggingface.co/datasets/RepDB/exercise-dataset/resolve/main/images/flat/cable-lateral-raise-peak.webp,C:\Doan2\Do_an_2\AI\image\flat\cable-lateral-raise-peak.webp,images/flat/cable-lateral-raise-peak.webp
https://huggingface.co/datasets/RepDB/exercise-dataset/resolve/main/images/flat/cable-lateral-raise-start.webp,C:\Doan2\Do_an_2\AI\image\flat\cable-lateral-raise-start.webp,images/flat/cable-lateral-raise-start.webp
https://huggingface.co/datasets/RepDB/exercise-dataset/resolve/main/images/flat/cable-tricep-kickback-peak.webp,C:\Doan2\Do_an_2\AI\image\flat\cable-tricep-kickback-peak.webp,images/flat/cable-tricep-kickback-peak.webp
https://huggingface.co/datasets/RepDB/exercise-dataset/resolve/main/images/flat/cable-tricep-kickback-start.webp,C:\Doan2\Do_an_2\AI\image\flat\cable-tricep-kickback-start.webp,images/flat/cable-tricep-kickback-start.webp
https://huggingface.co/datasets/RepDB/exercise-dataset/resolve/main/images/flat/cable-upright-row-peak.webp,C:\Doan2\Do_an_2\AI\image\flat\cable-upright-row-peak.webp,images/flat/cable-upright-row-peak.webp
https://huggingface.co/datasets/RepDB/exercise-dataset/resolve/main/images/flat/cable-upright-row-start.webp,C:\Doan2\Do_an_2\AI\image\flat\cable-upright-row-start.webp,images/flat/cable-upright-row-start.webp
https://huggingface.co/datasets/RepDB/exercise-dataset/resolve/main/images/flat/cable-wrist-curl-peak.webp,C:\Doan2\Do_an_2\AI\image\flat\cable-wrist-curl-peak.webp,images/flat/cable-wrist-curl-peak.webp
https://huggingface.co/datasets/RepDB/exercise-dataset/resolve/main/images/flat/cable-wrist-curl-start.webp,C:\Doan2\Do_an_2\AI\image\flat\cable-wrist-curl-start.webp,images/flat/cable-wrist-curl-start.webp
https://huggingface.co/datasets/RepDB/exercise-dataset/resolve/main/images/flat/captains-chair-knee-raise-peak.webp,C:\Doan2\Do_an_2\AI\image\flat\captains-chair-knee-raise-peak.webp,images/flat/captains-chair-knee-raise-peak.webp
https://huggingface.co/datasets/RepDB/exercise-dataset/resolve/main/images/flat/captains-chair-knee-raise-start.webp,C:\Doan2\Do_an_2\AI\image\flat\captains-chair-knee-raise-start.webp,images/flat/captains-chair-knee-raise-start.webp
https://huggingface.co/datasets/RepDB/exercise-dataset/resolve/main/images/flat/captains-chair-leg-raise-peak.webp,C:\Doan2\Do_an_2\AI\image\flat\captains-chair-leg-raise-peak.webp,images/flat/captains-chair-leg-raise-peak.webp
https://huggingface.co/datasets/RepDB/exercise-dataset/resolve/main/images/flat/captains-chair-leg-raise-start.webp,C:\Doan2\Do_an_2\AI\image\flat\captains-chair-leg-raise-start.webp,images/flat/captains-chair-leg-raise-start.webp
https://huggingface.co/datasets/RepDB/exercise-dataset/resolve/main/images/flat/cheat-curl-peak.webp,C:\Doan2\Do_an_2\AI\image\flat\cheat-curl-peak.webp,images/flat/cheat-curl-peak.webp
https://huggingface.co/datasets/RepDB/exercise-dataset/resolve/main/images/flat/cheat-curl-start.webp,C:\Doan2\Do_an_2\AI\image\flat\cheat-curl-start.webp,images/flat/cheat-curl-start.webp
https://huggingface.co/datasets/RepDB/exercise-dataset/resolve/main/images/flat/chest-press-machine-peak.webp,C:\Doan2\Do_an_2\AI\image\flat\chest-press-machine-peak.webp,images/flat/chest-press-machine-peak.webp
https://huggingface.co/datasets/RepDB/exercise-dataset/resolve/main/images/flat/chest-press-machine-start.webp,C:\Doan2\Do_an_2\AI\image\flat\chest-press-machine-start.webp,images/flat/chest-press-machine-start.webp
https://huggingface.co/datasets/RepDB/exercise-dataset/resolve/main/images/flat/chest-supported-db-row-peak.webp,C:\Doan2\Do_an_2\AI\image\flat\chest-supported-db-row-peak.webp,images/flat/chest-supported-db-row-peak.webp
https://huggingface.co/datasets/RepDB/exercise-dataset/resolve/main/images/flat/chest-supported-db-row-start.webp,C:\Doan2\Do_an_2\AI\image\flat\chest-supported-db-row-start.webp,images/flat/chest-supported-db-row-start.webp
https://huggingface.co/datasets/RepDB/exercise-dataset/resolve/main/images/flat/chest-supported-dumbbell-shrug-peak.webp,C:\Doan2\Do_an_2\AI\image\flat\chest-supported-dumbbell-shrug-peak.webp,images/flat/chest-supported-dumbbell-shrug-peak.webp
https://huggingface.co/datasets/RepDB/exercise-dataset/resolve/main/images/flat/chest-supported-dumbbell-shrug-start.webp,C:\Doan2\Do_an_2\AI\image\flat\chest-supported-dumbbell-shrug-start.webp,images/flat/chest-supported-dumbbell-shrug-start.webp
https://huggingface.co/datasets/RepDB/exercise-dataset/resolve/main/images/flat/chin-tuck-hold-main.webp,C:\Doan2\Do_an_2\AI\image\flat\chin-tuck-hold-main.webp,images/flat/chin-tuck-hold-main.webp
https://huggingface.co/datasets/RepDB/exercise-dataset/resolve/main/images/flat/chin-ups-peak.webp,C:\Doan2\Do_an_2\AI\image\flat\chin-ups-peak.webp,images/flat/chin-ups-peak.webp
https://huggingface.co/datasets/RepDB/exercise-dataset/resolve/main/images/flat/chin-ups-start.webp,C:\Doan2\Do_an_2\AI\image\flat\chin-ups-start.webp,images/flat/chin-ups-start.webp
https://huggingface.co/datasets/RepDB/exercise-dataset/resolve/main/images/flat/clamshells-peak.webp,C:\Doan2\Do_an_2\AI\image\flat\clamshells-peak.webp,images/flat/clamshells-peak.webp
https://huggingface.co/datasets/RepDB/exercise-dataset/resolve/main/images/flat/clamshells-start.webp,C:\Doan2\Do_an_2\AI\image\flat\clamshells-start.webp,images/flat/clamshells-start.webp
https://huggingface.co/datasets/RepDB/exercise-dataset/resolve/main/images/flat/clap-push-ups-peak.webp,C:\Doan2\Do_an_2\AI\image\flat\clap-push-ups-peak.webp,images/flat/clap-push-ups-peak.webp
https://huggingface.co/datasets/RepDB/exercise-dataset/resolve/main/images/flat/clap-push-ups-start.webp,C:\Doan2\Do_an_2\AI\image\flat\clap-push-ups-start.webp,images/flat/clap-push-ups-start.webp
https://huggingface.co/datasets/RepDB/exercise-dataset/resolve/main/images/flat/clean-and-jerk-peak.webp,C:\Doan2\Do_an_2\AI\image\flat\clean-and-jerk-peak.webp,images/flat/clean-and-jerk-peak.webp
https://huggingface.co/datasets/RepDB/exercise-dataset/resolve/main/images/flat/clean-and-jerk-start.webp,C:\Doan2\Do_an_2\AI\image\flat\clean-and-jerk-start.webp,images/flat/clean-and-jerk-start.webp
https://huggingface.co/datasets/RepDB/exercise-dataset/resolve/main/images/flat/clean-peak.webp,C:\Doan2\Do_an_2\AI\image\flat\clean-peak.webp,images/flat/clean-peak.webp
https://huggingface.co/datasets/RepDB/exercise-dataset/resolve/main/images/flat/clean-start.webp,C:\Doan2\Do_an_2\AI\image\flat\clean-start.webp,images/flat/clean-start.webp
https://huggingface.co/datasets/RepDB/exercise-dataset/resolve/main/images/flat/close-grip-bench-press-peak.webp,C:\Doan2\Do_an_2\AI\image\flat\close-grip-bench-press-peak.webp,images/flat/close-grip-bench-press-peak.webp
https://huggingface.co/datasets/RepDB/exercise-dataset/resolve/main/images/flat/close-grip-bench-press-start.webp,C:\Doan2\Do_an_2\AI\image\flat\close-grip-bench-press-start.webp,images/flat/close-grip-bench-press-start.webp
https://huggingface.co/datasets/RepDB/exercise-dataset/resolve/main/images/flat/close-grip-db-bench-press-peak.webp,C:\Doan2\Do_an_2\AI\image\flat\close-grip-db-bench-press-peak.webp,images/flat/close-grip-db-bench-press-peak.webp
https://huggingface.co/datasets/RepDB/exercise-dataset/resolve/main/images/flat/close-grip-db-bench-press-start.webp,C:\Doan2\Do_an_2\AI\image\flat\close-grip-db-bench-press-start.webp,images/flat/close-grip-db-bench-press-start.webp
https://huggingface.co/datasets/RepDB/exercise-dataset/resolve/main/images/flat/close-grip-ez-bar-bench-press-peak.webp,C:\Doan2\Do_an_2\AI\image\flat\close-grip-ez-bar-bench-press-peak.webp,images/flat/close-grip-ez-bar-bench-press-peak.webp
https://huggingface.co/datasets/RepDB/exercise-dataset/resolve/main/images/flat/close-grip-ez-bar-bench-press-start.webp,C:\Doan2\Do_an_2\AI\image\flat\close-grip-ez-bar-bench-press-start.webp,images/flat/close-grip-ez-bar-bench-press-start.webp
https://huggingface.co/datasets/RepDB/exercise-dataset/resolve/main/images/flat/close-grip-incline-bench-peak.webp,C:\Doan2\Do_an_2\AI\image\flat\close-grip-incline-bench-peak.webp,images/flat/close-grip-incline-bench-peak.webp
https://huggingface.co/datasets/RepDB/exercise-dataset/resolve/main/images/flat/close-grip-incline-bench-start.webp,C:\Doan2\Do_an_2\AI\image\flat\close-grip-incline-bench-start.webp,images/flat/close-grip-incline-bench-start.webp
https://huggingface.co/datasets/RepDB/exercise-dataset/resolve/main/images/flat/close-grip-lat-pulldown-peak.webp,C:\Doan2\Do_an_2\AI\image\flat\close-grip-lat-pulldown-peak.webp,images/flat/close-grip-lat-pulldown-peak.webp
https://huggingface.co/datasets/RepDB/exercise-dataset/resolve/main/images/flat/close-grip-lat-pulldown-start.webp,C:\Doan2\Do_an_2\AI\image\flat\close-grip-lat-pulldown-start.webp,images/flat/close-grip-lat-pulldown-start.webp
https://huggingface.co/datasets/RepDB/exercise-dataset/resolve/main/images/flat/close-grip-pull-ups-peak.webp,C:\Doan2\Do_an_2\AI\image\flat\close-grip-pull-ups-peak.webp,images/flat/close-grip-pull-ups-peak.webp
https://huggingface.co/datasets/RepDB/exercise-dataset/resolve/main/images/flat/close-grip-pull-ups-start.webp,C:\Doan2\Do_an_2\AI\image\flat\close-grip-pull-ups-start.webp,images/flat/close-grip-pull-ups-start.webp
https://huggingface.co/datasets/RepDB/exercise-dataset/resolve/main/images/flat/close-grip-push-ups-peak.webp,C:\Doan2\Do_an_2\AI\image\flat\close-grip-push-ups-peak.webp,images/flat/close-grip-push-ups-peak.webp
https://huggingface.co/datasets/RepDB/exercise-dataset/resolve/main/images/flat/close-grip-push-ups-start.webp,C:\Doan2\Do_an_2\AI\image\flat\close-grip-push-ups-start.webp,images/flat/close-grip-push-ups-start.webp
https://huggingface.co/datasets/RepDB/exercise-dataset/resolve/main/images/flat/concentration-curl-peak.webp,C:\Doan2\Do_an_2\AI\image\flat\concentration-curl-peak.webp,images/flat/concentration-curl-peak.webp
https://huggingface.co/datasets/RepDB/exercise-dataset/resolve/main/images/flat/concentration-curl-start.webp,C:\Doan2\Do_an_2\AI\image\flat\concentration-curl-start.webp,images/flat/concentration-curl-start.webp
https://huggingface.co/datasets/RepDB/exercise-dataset/resolve/main/images/flat/cross-body-hammer-curl-peak.webp,C:\Doan2\Do_an_2\AI\image\flat\cross-body-hammer-curl-peak.webp,images/flat/cross-body-hammer-curl-peak.webp
https://huggingface.co/datasets/RepDB/exercise-dataset/resolve/main/images/flat/cross-body-hammer-curl-start.webp,C:\Doan2\Do_an_2\AI\image\flat\cross-body-hammer-curl-start.webp,images/flat/cross-body-hammer-curl-start.webp
https://huggingface.co/datasets/RepDB/exercise-dataset/resolve/main/images/flat/crunches-peak.webp,C:\Doan2\Do_an_2\AI\image\flat\crunches-peak.webp,images/flat/crunches-peak.webp
https://huggingface.co/datasets/RepDB/exercise-dataset/resolve/main/images/flat/crunches-start.webp,C:\Doan2\Do_an_2\AI\image\flat\crunches-start.webp,images/flat/crunches-start.webp
https://huggingface.co/datasets/RepDB/exercise-dataset/resolve/main/images/flat/db-bench-press-peak.webp,C:\Doan2\Do_an_2\AI\image\flat\db-bench-press-peak.webp,images/flat/db-bench-press-peak.webp
https://huggingface.co/datasets/RepDB/exercise-dataset/resolve/main/images/flat/db-bench-press-start.webp,C:\Doan2\Do_an_2\AI\image\flat\db-bench-press-start.webp,images/flat/db-bench-press-start.webp
https://huggingface.co/datasets/RepDB/exercise-dataset/resolve/main/images/flat/db-fly-peak.webp,C:\Doan2\Do_an_2\AI\image\flat\db-fly-peak.webp,images/flat/db-fly-peak.webp
https://huggingface.co/datasets/RepDB/exercise-dataset/resolve/main/images/flat/db-fly-start.webp,C:\Doan2\Do_an_2\AI\image\flat\db-fly-start.webp,images/flat/db-fly-start.webp
https://huggingface.co/datasets/RepDB/exercise-dataset/resolve/main/images/flat/db-lunge-peak.webp,C:\Doan2\Do_an_2\AI\image\flat\db-lunge-peak.webp,images/flat/db-lunge-peak.webp
https://huggingface.co/datasets/RepDB/exercise-dataset/resolve/main/images/flat/db-lunge-start.webp,C:\Doan2\Do_an_2\AI\image\flat\db-lunge-start.webp,images/flat/db-lunge-start.webp
https://huggingface.co/datasets/RepDB/exercise-dataset/resolve/main/images/flat/db-pullover-peak.webp,C:\Doan2\Do_an_2\AI\image\flat\db-pullover-peak.webp,images/flat/db-pullover-peak.webp
https://huggingface.co/datasets/RepDB/exercise-dataset/resolve/main/images/flat/db-pullover-start.webp,C:\Doan2\Do_an_2\AI\image\flat\db-pullover-start.webp,images/flat/db-pullover-start.webp
https://huggingface.co/datasets/RepDB/exercise-dataset/resolve/main/images/flat/db-reverse-curl-peak.webp,C:\Doan2\Do_an_2\AI\image\flat\db-reverse-curl-peak.webp,images/flat/db-reverse-curl-peak.webp
https://huggingface.co/datasets/RepDB/exercise-dataset/resolve/main/images/flat/db-reverse-curl-start.webp,C:\Doan2\Do_an_2\AI\image\flat\db-reverse-curl-start.webp,images/flat/db-reverse-curl-start.webp
https://huggingface.co/datasets/RepDB/exercise-dataset/resolve/main/images/flat/db-shrug-peak.webp,C:\Doan2\Do_an_2\AI\image\flat\db-shrug-peak.webp,images/flat/db-shrug-peak.webp
https://huggingface.co/datasets/RepDB/exercise-dataset/resolve/main/images/flat/db-shrug-start.webp,C:\Doan2\Do_an_2\AI\image\flat\db-shrug-start.webp,images/flat/db-shrug-start.webp
https://huggingface.co/datasets/RepDB/exercise-dataset/resolve/main/images/flat/db-skull-crusher-peak.webp,C:\Doan2\Do_an_2\AI\image\flat\db-skull-crusher-peak.webp,images/flat/db-skull-crusher-peak.webp
https://huggingface.co/datasets/RepDB/exercise-dataset/resolve/main/images/flat/db-skull-crusher-start.webp,C:\Doan2\Do_an_2\AI\image\flat\db-skull-crusher-start.webp,images/flat/db-skull-crusher-start.webp
https://huggingface.co/datasets/RepDB/exercise-dataset/resolve/main/images/flat/dead-bug-peak.webp,C:\Doan2\Do_an_2\AI\image\flat\dead-bug-peak.webp,images/flat/dead-bug-peak.webp
https://huggingface.co/datasets/RepDB/exercise-dataset/resolve/main/images/flat/dead-bug-start.webp,C:\Doan2\Do_an_2\AI\image\flat\dead-bug-start.webp,images/flat/dead-bug-start.webp
https://huggingface.co/datasets/RepDB/exercise-dataset/resolve/main/images/flat/dead-hang-main.webp,C:\Doan2\Do_an_2\AI\image\flat\dead-hang-main.webp,images/flat/dead-hang-main.webp
https://huggingface.co/datasets/RepDB/exercise-dataset/resolve/main/images/flat/deadlift-peak.webp,C:\Doan2\Do_an_2\AI\image\flat\deadlift-peak.webp,images/flat/deadlift-peak.webp
https://huggingface.co/datasets/RepDB/exercise-dataset/resolve/main/images/flat/deadlift-start.webp,C:\Doan2\Do_an_2\AI\image\flat\deadlift-start.webp,images/flat/deadlift-start.webp
https://huggingface.co/datasets/RepDB/exercise-dataset/resolve/main/images/flat/decline-bench-press-barbell-peak.webp,C:\Doan2\Do_an_2\AI\image\flat\decline-bench-press-barbell-peak.webp,images/flat/decline-bench-press-barbell-peak.webp
https://huggingface.co/datasets/RepDB/exercise-dataset/resolve/main/images/flat/decline-bench-press-barbell-start.webp,C:\Doan2\Do_an_2\AI\image\flat\decline-bench-press-barbell-start.webp,images/flat/decline-bench-press-barbell-start.webp
https://huggingface.co/datasets/RepDB/exercise-dataset/resolve/main/images/flat/decline-bench-press-ez-bar-peak.webp,C:\Doan2\Do_an_2\AI\image\flat\decline-bench-press-ez-bar-peak.webp,images/flat/decline-bench-press-ez-bar-peak.webp
https://huggingface.co/datasets/RepDB/exercise-dataset/resolve/main/images/flat/decline-bench-press-ez-bar-start.webp,C:\Doan2\Do_an_2\AI\image\flat\decline-bench-press-ez-bar-start.webp,images/flat/decline-bench-press-ez-bar-start.webp
https://huggingface.co/datasets/RepDB/exercise-dataset/resolve/main/images/flat/decline-bench-press-peak.webp,C:\Doan2\Do_an_2\AI\image\flat\decline-bench-press-peak.webp,images/flat/decline-bench-press-peak.webp
https://huggingface.co/datasets/RepDB/exercise-dataset/resolve/main/images/flat/decline-bench-press-start.webp,C:\Doan2\Do_an_2\AI\image\flat\decline-bench-press-start.webp,images/flat/decline-bench-press-start.webp
https://huggingface.co/datasets/RepDB/exercise-dataset/resolve/main/images/flat/decline-crunch-peak.webp,C:\Doan2\Do_an_2\AI\image\flat\decline-crunch-peak.webp,images/flat/decline-crunch-peak.webp
https://huggingface.co/datasets/RepDB/exercise-dataset/resolve/main/images/flat/decline-crunch-start.webp,C:\Doan2\Do_an_2\AI\image\flat\decline-crunch-start.webp,images/flat/decline-crunch-start.webp
https://huggingface.co/datasets/RepDB/exercise-dataset/resolve/main/images/flat/decline-db-fly-peak.webp,C:\Doan2\Do_an_2\AI\image\flat\decline-db-fly-peak.webp,images/flat/decline-db-fly-peak.webp
https://huggingface.co/datasets/RepDB/exercise-dataset/resolve/main/images/flat/decline-db-fly-start.webp,C:\Doan2\Do_an_2\AI\image\flat\decline-db-fly-start.webp,images/flat/decline-db-fly-start.webp
https://huggingface.co/datasets/RepDB/exercise-dataset/resolve/main/images/flat/decline-push-up-peak.webp,C:\Doan2\Do_an_2\AI\image\flat\decline-push-up-peak.webp,images/flat/decline-push-up-peak.webp
https://huggingface.co/datasets/RepDB/exercise-dataset/resolve/main/images/flat/decline-push-up-start.webp,C:\Doan2\Do_an_2\AI\image\flat\decline-push-up-start.webp,images/flat/decline-push-up-start.webp
https://huggingface.co/datasets/RepDB/exercise-dataset/resolve/main/images/flat/deficit-deadlift-peak.webp,C:\Doan2\Do_an_2\AI\image\flat\deficit-deadlift-peak.webp,images/flat/deficit-deadlift-peak.webp
https://huggingface.co/datasets/RepDB/exercise-dataset/resolve/main/images/flat/deficit-deadlift-start.webp,C:\Doan2\Do_an_2\AI\image\flat\deficit-deadlift-start.webp,images/flat/deficit-deadlift-start.webp
https://huggingface.co/datasets/RepDB/exercise-dataset/resolve/main/images/flat/deficit-push-ups-peak.webp,C:\Doan2\Do_an_2\AI\image\flat\deficit-push-ups-peak.webp,images/flat/deficit-push-ups-peak.webp
https://huggingface.co/datasets/RepDB/exercise-dataset/resolve/main/images/flat/deficit-push-ups-start.webp,C:\Doan2\Do_an_2\AI\image\flat\deficit-push-ups-start.webp,images/flat/deficit-push-ups-start.webp
https://huggingface.co/datasets/RepDB/exercise-dataset/resolve/main/images/flat/diamond-push-ups-peak.webp,C:\Doan2\Do_an_2\AI\image\flat\diamond-push-ups-peak.webp,images/flat/diamond-push-ups-peak.webp
https://huggingface.co/datasets/RepDB/exercise-dataset/resolve/main/images/flat/diamond-push-ups-start.webp,C:\Doan2\Do_an_2\AI\image\flat\diamond-push-ups-start.webp,images/flat/diamond-push-ups-start.webp
https://huggingface.co/datasets/RepDB/exercise-dataset/resolve/main/images/flat/dips-peak.webp,C:\Doan2\Do_an_2\AI\image\flat\dips-peak.webp,images/flat/dips-peak.webp
https://huggingface.co/datasets/RepDB/exercise-dataset/resolve/main/images/flat/dips-start.webp,C:\Doan2\Do_an_2\AI\image\flat\dips-start.webp,images/flat/dips-start.webp
https://huggingface.co/datasets/RepDB/exercise-dataset/resolve/main/images/flat/donkey-calf-raise-peak.webp,C:\Doan2\Do_an_2\AI\image\flat\donkey-calf-raise-peak.webp,images/flat/donkey-calf-raise-peak.webp
https://huggingface.co/datasets/RepDB/exercise-dataset/resolve/main/images/flat/donkey-calf-raise-start.webp,C:\Doan2\Do_an_2\AI\image\flat\donkey-calf-raise-start.webp,images/flat/donkey-calf-raise-start.webp
https://huggingface.co/datasets/RepDB/exercise-dataset/resolve/main/images/flat/double-kettlebell-dead-clean-peak.webp,C:\Doan2\Do_an_2\AI\image\flat\double-kettlebell-dead-clean-peak.webp,images/flat/double-kettlebell-dead-clean-peak.webp
https://huggingface.co/datasets/RepDB/exercise-dataset/resolve/main/images/flat/double-kettlebell-dead-clean-start.webp,C:\Doan2\Do_an_2\AI\image\flat\double-kettlebell-dead-clean-start.webp,images/flat/double-kettlebell-dead-clean-start.webp
https://huggingface.co/datasets/RepDB/exercise-dataset/resolve/main/images/flat/double-kettlebell-dead-split-snatch-peak.webp,C:\Doan2\Do_an_2\AI\image\flat\double-kettlebell-dead-split-snatch-peak.webp,images/flat/double-kettlebell-dead-split-snatch-peak.webp
https://huggingface.co/datasets/RepDB/exercise-dataset/resolve/main/images/flat/double-kettlebell-dead-split-snatch-start.webp,C:\Doan2\Do_an_2\AI\image\flat\double-kettlebell-dead-split-snatch-start.webp,images/flat/double-kettlebell-dead-split-snatch-start.webp
https://huggingface.co/datasets/RepDB/exercise-dataset/resolve/main/images/flat/double-kettlebell-overhead-press-peak.webp,C:\Doan2\Do_an_2\AI\image\flat\double-kettlebell-overhead-press-peak.webp,images/flat/double-kettlebell-overhead-press-peak.webp
https://huggingface.co/datasets/RepDB/exercise-dataset/resolve/main/images/flat/double-kettlebell-overhead-press-start.webp,C:\Doan2\Do_an_2\AI\image\flat\double-kettlebell-overhead-press-start.webp,images/flat/double-kettlebell-overhead-press-start.webp
https://huggingface.co/datasets/RepDB/exercise-dataset/resolve/main/images/flat/double-kettlebell-row-peak.webp,C:\Doan2\Do_an_2\AI\image\flat\double-kettlebell-row-peak.webp,images/flat/double-kettlebell-row-peak.webp
https://huggingface.co/datasets/RepDB/exercise-dataset/resolve/main/images/flat/double-kettlebell-row-start.webp,C:\Doan2\Do_an_2\AI\image\flat\double-kettlebell-row-start.webp,images/flat/double-kettlebell-row-start.webp
https://huggingface.co/datasets/RepDB/exercise-dataset/resolve/main/images/flat/double-kettlebell-split-jerk-peak.webp,C:\Doan2\Do_an_2\AI\image\flat\double-kettlebell-split-jerk-peak.webp,images/flat/double-kettlebell-split-jerk-peak.webp
https://huggingface.co/datasets/RepDB/exercise-dataset/resolve/main/images/flat/double-kettlebell-split-jerk-start.webp,C:\Doan2\Do_an_2\AI\image\flat\double-kettlebell-split-jerk-start.webp,images/flat/double-kettlebell-split-jerk-start.webp
https://huggingface.co/datasets/RepDB/exercise-dataset/resolve/main/images/flat/double-kettlebell-swing-snatch-peak.webp,C:\Doan2\Do_an_2\AI\image\flat\double-kettlebell-swing-snatch-peak.webp,images/flat/double-kettlebell-swing-snatch-peak.webp
https://huggingface.co/datasets/RepDB/exercise-dataset/resolve/main/images/flat/double-kettlebell-swing-snatch-start.webp,C:\Doan2\Do_an_2\AI\image\flat\double-kettlebell-swing-snatch-start.webp,images/flat/double-kettlebell-swing-snatch-start.webp
https://huggingface.co/datasets/RepDB/exercise-dataset/resolve/main/images/flat/dragon-flag-peak.webp,C:\Doan2\Do_an_2\AI\image\flat\dragon-flag-peak.webp,images/flat/dragon-flag-peak.webp
https://huggingface.co/datasets/RepDB/exercise-dataset/resolve/main/images/flat/dragon-flag-start.webp,C:\Doan2\Do_an_2\AI\image\flat\dragon-flag-start.webp,images/flat/dragon-flag-start.webp
https://huggingface.co/datasets/RepDB/exercise-dataset/resolve/main/images/flat/dumbbell-bench-pull-peak.webp,C:\Doan2\Do_an_2\AI\image\flat\dumbbell-bench-pull-peak.webp,images/flat/dumbbell-bench-pull-peak.webp
https://huggingface.co/datasets/RepDB/exercise-dataset/resolve/main/images/flat/dumbbell-bench-pull-start.webp,C:\Doan2\Do_an_2\AI\image\flat\dumbbell-bench-pull-start.webp,images/flat/dumbbell-bench-pull-start.webp
https://huggingface.co/datasets/RepDB/exercise-dataset/resolve/main/images/flat/dumbbell-calf-raise-peak.webp,C:\Doan2\Do_an_2\AI\image\flat\dumbbell-calf-raise-peak.webp,images/flat/dumbbell-calf-raise-peak.webp
https://huggingface.co/datasets/RepDB/exercise-dataset/resolve/main/images/flat/dumbbell-calf-raise-start.webp,C:\Doan2\Do_an_2\AI\image\flat\dumbbell-calf-raise-start.webp,images/flat/dumbbell-calf-raise-start.webp
https://huggingface.co/datasets/RepDB/exercise-dataset/resolve/main/images/flat/dumbbell-deadlift-peak.webp,C:\Doan2\Do_an_2\AI\image\flat\dumbbell-deadlift-peak.webp,images/flat/dumbbell-deadlift-peak.webp
https://huggingface.co/datasets/RepDB/exercise-dataset/resolve/main/images/flat/dumbbell-deadlift-start.webp,C:\Doan2\Do_an_2\AI\image\flat\dumbbell-deadlift-start.webp,images/flat/dumbbell-deadlift-start.webp
https://huggingface.co/datasets/RepDB/exercise-dataset/resolve/main/images/flat/dumbbell-face-pull-peak.webp,C:\Doan2\Do_an_2\AI\image\flat\dumbbell-face-pull-peak.webp,images/flat/dumbbell-face-pull-peak.webp
https://huggingface.co/datasets/RepDB/exercise-dataset/resolve/main/images/flat/dumbbell-face-pull-start.webp,C:\Doan2\Do_an_2\AI\image\flat\dumbbell-face-pull-start.webp,images/flat/dumbbell-face-pull-start.webp
https://huggingface.co/datasets/RepDB/exercise-dataset/resolve/main/images/flat/dumbbell-floor-press-peak.webp,C:\Doan2\Do_an_2\AI\image\flat\dumbbell-floor-press-peak.webp,images/flat/dumbbell-floor-press-peak.webp
https://huggingface.co/datasets/RepDB/exercise-dataset/resolve/main/images/flat/dumbbell-floor-press-start.webp,C:\Doan2\Do_an_2\AI\image\flat\dumbbell-floor-press-start.webp,images/flat/dumbbell-floor-press-start.webp
https://huggingface.co/datasets/RepDB/exercise-dataset/resolve/main/images/flat/dumbbell-front-raise-peak.webp,C:\Doan2\Do_an_2\AI\image\flat\dumbbell-front-raise-peak.webp,images/flat/dumbbell-front-raise-peak.webp
https://huggingface.co/datasets/RepDB/exercise-dataset/resolve/main/images/flat/dumbbell-front-raise-start.webp,C:\Doan2\Do_an_2\AI\image\flat\dumbbell-front-raise-start.webp,images/flat/dumbbell-front-raise-start.webp
https://huggingface.co/datasets/RepDB/exercise-dataset/resolve/main/images/flat/dumbbell-front-squat-peak.webp,C:\Doan2\Do_an_2\AI\image\flat\dumbbell-front-squat-peak.webp,images/flat/dumbbell-front-squat-peak.webp
https://huggingface.co/datasets/RepDB/exercise-dataset/resolve/main/images/flat/dumbbell-front-squat-start.webp,C:\Doan2\Do_an_2\AI\image\flat\dumbbell-front-squat-start.webp,images/flat/dumbbell-front-squat-start.webp
https://huggingface.co/datasets/RepDB/exercise-dataset/resolve/main/images/flat/dumbbell-push-press-peak.webp,C:\Doan2\Do_an_2\AI\image\flat\dumbbell-push-press-peak.webp,images/flat/dumbbell-push-press-peak.webp
https://huggingface.co/datasets/RepDB/exercise-dataset/resolve/main/images/flat/dumbbell-push-press-start.webp,C:\Doan2\Do_an_2\AI\image\flat\dumbbell-push-press-start.webp,images/flat/dumbbell-push-press-start.webp
https://huggingface.co/datasets/RepDB/exercise-dataset/resolve/main/images/flat/dumbbell-reverse-fly-peak.webp,C:\Doan2\Do_an_2\AI\image\flat\dumbbell-reverse-fly-peak.webp,images/flat/dumbbell-reverse-fly-peak.webp
https://huggingface.co/datasets/RepDB/exercise-dataset/resolve/main/images/flat/dumbbell-reverse-fly-start.webp,C:\Doan2\Do_an_2\AI\image\flat\dumbbell-reverse-fly-start.webp,images/flat/dumbbell-reverse-fly-start.webp
https://huggingface.co/datasets/RepDB/exercise-dataset/resolve/main/images/flat/dumbbell-romanian-deadlift-peak.webp,C:\Doan2\Do_an_2\AI\image\flat\dumbbell-romanian-deadlift-peak.webp,images/flat/dumbbell-romanian-deadlift-peak.webp
https://huggingface.co/datasets/RepDB/exercise-dataset/resolve/main/images/flat/dumbbell-romanian-deadlift-start.webp,C:\Doan2\Do_an_2\AI\image\flat\dumbbell-romanian-deadlift-start.webp,images/flat/dumbbell-romanian-deadlift-start.webp
https://huggingface.co/datasets/RepDB/exercise-dataset/resolve/main/images/flat/dumbbell-shoulder-press-peak.webp,C:\Doan2\Do_an_2\AI\image\flat\dumbbell-shoulder-press-peak.webp,images/flat/dumbbell-shoulder-press-peak.webp
https://huggingface.co/datasets/RepDB/exercise-dataset/resolve/main/images/flat/dumbbell-shoulder-press-start.webp,C:\Doan2\Do_an_2\AI\image\flat\dumbbell-shoulder-press-start.webp,images/flat/dumbbell-shoulder-press-start.webp
https://huggingface.co/datasets/RepDB/exercise-dataset/resolve/main/images/flat/dumbbell-side-bend-peak.webp,C:\Doan2\Do_an_2\AI\image\flat\dumbbell-side-bend-peak.webp,images/flat/dumbbell-side-bend-peak.webp
https://huggingface.co/datasets/RepDB/exercise-dataset/resolve/main/images/flat/dumbbell-side-bend-start.webp,C:\Doan2\Do_an_2\AI\image\flat\dumbbell-side-bend-start.webp,images/flat/dumbbell-side-bend-start.webp
https://huggingface.co/datasets/RepDB/exercise-dataset/resolve/main/images/flat/dumbbell-snatch-peak.webp,C:\Doan2\Do_an_2\AI\image\flat\dumbbell-snatch-peak.webp,images/flat/dumbbell-snatch-peak.webp
https://huggingface.co/datasets/RepDB/exercise-dataset/resolve/main/images/flat/dumbbell-snatch-start.webp,C:\Doan2\Do_an_2\AI\image\flat\dumbbell-snatch-start.webp,images/flat/dumbbell-snatch-start.webp
https://huggingface.co/datasets/RepDB/exercise-dataset/resolve/main/images/flat/dumbbell-split-squat-peak.webp,C:\Doan2\Do_an_2\AI\image\flat\dumbbell-split-squat-peak.webp,images/flat/dumbbell-split-squat-peak.webp
https://huggingface.co/datasets/RepDB/exercise-dataset/resolve/main/images/flat/dumbbell-split-squat-start.webp,C:\Doan2\Do_an_2\AI\image\flat\dumbbell-split-squat-start.webp,images/flat/dumbbell-split-squat-start.webp
https://huggingface.co/datasets/RepDB/exercise-dataset/resolve/main/images/flat/dumbbell-tricep-extension-peak.webp,C:\Doan2\Do_an_2\AI\image\flat\dumbbell-tricep-extension-peak.webp,images/flat/dumbbell-tricep-extension-peak.webp
https://huggingface.co/datasets/RepDB/exercise-dataset/resolve/main/images/flat/dumbbell-tricep-extension-start.webp,C:\Doan2\Do_an_2\AI\image\flat\dumbbell-tricep-extension-start.webp,images/flat/dumbbell-tricep-extension-start.webp
https://huggingface.co/datasets/RepDB/exercise-dataset/resolve/main/images/flat/dumbbell-upright-row-peak.webp,C:\Doan2\Do_an_2\AI\image\flat\dumbbell-upright-row-peak.webp,images/flat/dumbbell-upright-row-peak.webp
https://huggingface.co/datasets/RepDB/exercise-dataset/resolve/main/images/flat/dumbbell-upright-row-start.webp,C:\Doan2\Do_an_2\AI\image\flat\dumbbell-upright-row-start.webp,images/flat/dumbbell-upright-row-start.webp
https://huggingface.co/datasets/RepDB/exercise-dataset/resolve/main/images/flat/dumbbell-wrist-curl-peak.webp,C:\Doan2\Do_an_2\AI\image\flat\dumbbell-wrist-curl-peak.webp,images/flat/dumbbell-wrist-curl-peak.webp
https://huggingface.co/datasets/RepDB/exercise-dataset/resolve/main/images/flat/dumbbell-wrist-curl-start.webp,C:\Doan2\Do_an_2\AI\image\flat\dumbbell-wrist-curl-start.webp,images/flat/dumbbell-wrist-curl-start.webp
https://huggingface.co/datasets/RepDB/exercise-dataset/resolve/main/images/flat/ez-bar-curl-peak.webp,C:\Doan2\Do_an_2\AI\image\flat\ez-bar-curl-peak.webp,images/flat/ez-bar-curl-peak.webp
https://huggingface.co/datasets/RepDB/exercise-dataset/resolve/main/images/flat/ez-bar-curl-start.webp,C:\Doan2\Do_an_2\AI\image\flat\ez-bar-curl-start.webp,images/flat/ez-bar-curl-start.webp
https://huggingface.co/datasets/RepDB/exercise-dataset/resolve/main/images/flat/ez-bar-reverse-curl-peak.webp,C:\Doan2\Do_an_2\AI\image\flat\ez-bar-reverse-curl-peak.webp,images/flat/ez-bar-reverse-curl-peak.webp
https://huggingface.co/datasets/RepDB/exercise-dataset/resolve/main/images/flat/ez-bar-reverse-curl-start.webp,C:\Doan2\Do_an_2\AI\image\flat\ez-bar-reverse-curl-start.webp,images/flat/ez-bar-reverse-curl-start.webp
https://huggingface.co/datasets/RepDB/exercise-dataset/resolve/main/images/flat/ez-bar-shrug-peak.webp,C:\Doan2\Do_an_2\AI\image\flat\ez-bar-shrug-peak.webp,images/flat/ez-bar-shrug-peak.webp
https://huggingface.co/datasets/RepDB/exercise-dataset/resolve/main/images/flat/ez-bar-shrug-start.webp,C:\Doan2\Do_an_2\AI\image\flat\ez-bar-shrug-start.webp,images/flat/ez-bar-shrug-start.webp
https://huggingface.co/datasets/RepDB/exercise-dataset/resolve/main/images/flat/ez-bar-spider-curl-peak.webp,C:\Doan2\Do_an_2\AI\image\flat\ez-bar-spider-curl-peak.webp,images/flat/ez-bar-spider-curl-peak.webp
https://huggingface.co/datasets/RepDB/exercise-dataset/resolve/main/images/flat/ez-bar-spider-curl-start.webp,C:\Doan2\Do_an_2\AI\image\flat\ez-bar-spider-curl-start.webp,images/flat/ez-bar-spider-curl-start.webp
https://huggingface.co/datasets/RepDB/exercise-dataset/resolve/main/images/flat/ez-bar-upright-row-peak.webp,C:\Doan2\Do_an_2\AI\image\flat\ez-bar-upright-row-peak.webp,images/flat/ez-bar-upright-row-peak.webp
https://huggingface.co/datasets/RepDB/exercise-dataset/resolve/main/images/flat/ez-bar-upright-row-start.webp,C:\Doan2\Do_an_2\AI\image\flat\ez-bar-upright-row-start.webp,images/flat/ez-bar-upright-row-start.webp
https://huggingface.co/datasets/RepDB/exercise-dataset/resolve/main/images/flat/face-pull-peak.webp,C:\Doan2\Do_an_2\AI\image\flat\face-pull-peak.webp,images/flat/face-pull-peak.webp
https://huggingface.co/datasets/RepDB/exercise-dataset/resolve/main/images/flat/face-pull-start.webp,C:\Doan2\Do_an_2\AI\image\flat\face-pull-start.webp,images/flat/face-pull-start.webp
https://huggingface.co/datasets/RepDB/exercise-dataset/resolve/main/images/flat/floor-ez-bar-press-peak.webp,C:\Doan2\Do_an_2\AI\image\flat\floor-ez-bar-press-peak.webp,images/flat/floor-ez-bar-press-peak.webp
https://huggingface.co/datasets/RepDB/exercise-dataset/resolve/main/images/flat/floor-ez-bar-press-start.webp,C:\Doan2\Do_an_2\AI\image\flat\floor-ez-bar-press-start.webp,images/flat/floor-ez-bar-press-start.webp
https://huggingface.co/datasets/RepDB/exercise-dataset/resolve/main/images/flat/floor-press-peak.webp,C:\Doan2\Do_an_2\AI\image\flat\floor-press-peak.webp,images/flat/floor-press-peak.webp
https://huggingface.co/datasets/RepDB/exercise-dataset/resolve/main/images/flat/floor-press-start.webp,C:\Doan2\Do_an_2\AI\image\flat\floor-press-start.webp,images/flat/floor-press-start.webp
https://huggingface.co/datasets/RepDB/exercise-dataset/resolve/main/images/flat/flutter-kicks-peak.webp,C:\Doan2\Do_an_2\AI\image\flat\flutter-kicks-peak.webp,images/flat/flutter-kicks-peak.webp
https://huggingface.co/datasets/RepDB/exercise-dataset/resolve/main/images/flat/flutter-kicks-start.webp,C:\Doan2\Do_an_2\AI\image\flat\flutter-kicks-start.webp,images/flat/flutter-kicks-start.webp
https://huggingface.co/datasets/RepDB/exercise-dataset/resolve/main/images/flat/front-lever-main.webp,C:\Doan2\Do_an_2\AI\image\flat\front-lever-main.webp,images/flat/front-lever-main.webp
https://huggingface.co/datasets/RepDB/exercise-dataset/resolve/main/images/flat/front-squat-peak.webp,C:\Doan2\Do_an_2\AI\image\flat\front-squat-peak.webp,images/flat/front-squat-peak.webp
https://huggingface.co/datasets/RepDB/exercise-dataset/resolve/main/images/flat/front-squat-start.webp,C:\Doan2\Do_an_2\AI\image\flat\front-squat-start.webp,images/flat/front-squat-start.webp
https://huggingface.co/datasets/RepDB/exercise-dataset/resolve/main/images/flat/glute-bridge-peak.webp,C:\Doan2\Do_an_2\AI\image\flat\glute-bridge-peak.webp,images/flat/glute-bridge-peak.webp
https://huggingface.co/datasets/RepDB/exercise-dataset/resolve/main/images/flat/glute-bridge-start.webp,C:\Doan2\Do_an_2\AI\image\flat\glute-bridge-start.webp,images/flat/glute-bridge-start.webp
https://huggingface.co/datasets/RepDB/exercise-dataset/resolve/main/images/flat/glute-kickback-peak.webp,C:\Doan2\Do_an_2\AI\image\flat\glute-kickback-peak.webp,images/flat/glute-kickback-peak.webp
https://huggingface.co/datasets/RepDB/exercise-dataset/resolve/main/images/flat/glute-kickback-start.webp,C:\Doan2\Do_an_2\AI\image\flat\glute-kickback-start.webp,images/flat/glute-kickback-start.webp
https://huggingface.co/datasets/RepDB/exercise-dataset/resolve/main/images/flat/goblet-squat-peak.webp,C:\Doan2\Do_an_2\AI\image\flat\goblet-squat-peak.webp,images/flat/goblet-squat-peak.webp
https://huggingface.co/datasets/RepDB/exercise-dataset/resolve/main/images/flat/goblet-squat-start.webp,C:\Doan2\Do_an_2\AI\image\flat\goblet-squat-start.webp,images/flat/goblet-squat-start.webp
https://huggingface.co/datasets/RepDB/exercise-dataset/resolve/main/images/flat/good-morning-peak.webp,C:\Doan2\Do_an_2\AI\image\flat\good-morning-peak.webp,images/flat/good-morning-peak.webp
https://huggingface.co/datasets/RepDB/exercise-dataset/resolve/main/images/flat/good-morning-start.webp,C:\Doan2\Do_an_2\AI\image\flat\good-morning-start.webp,images/flat/good-morning-start.webp
https://huggingface.co/datasets/RepDB/exercise-dataset/resolve/main/images/flat/hack-squat-calf-raise-peak.webp,C:\Doan2\Do_an_2\AI\image\flat\hack-squat-calf-raise-peak.webp,images/flat/hack-squat-calf-raise-peak.webp
https://huggingface.co/datasets/RepDB/exercise-dataset/resolve/main/images/flat/hack-squat-calf-raise-start.webp,C:\Doan2\Do_an_2\AI\image\flat\hack-squat-calf-raise-start.webp,images/flat/hack-squat-calf-raise-start.webp
https://huggingface.co/datasets/RepDB/exercise-dataset/resolve/main/images/flat/hack-squat-peak.webp,C:\Doan2\Do_an_2\AI\image\flat\hack-squat-peak.webp,images/flat/hack-squat-peak.webp
https://huggingface.co/datasets/RepDB/exercise-dataset/resolve/main/images/flat/hack-squat-start.webp,C:\Doan2\Do_an_2\AI\image\flat\hack-squat-start.webp,images/flat/hack-squat-start.webp
https://huggingface.co/datasets/RepDB/exercise-dataset/resolve/main/images/flat/hammer-curl-peak.webp,C:\Doan2\Do_an_2\AI\image\flat\hammer-curl-peak.webp,images/flat/hammer-curl-peak.webp
https://huggingface.co/datasets/RepDB/exercise-dataset/resolve/main/images/flat/hammer-curl-start.webp,C:\Doan2\Do_an_2\AI\image\flat\hammer-curl-start.webp,images/flat/hammer-curl-start.webp
https://huggingface.co/datasets/RepDB/exercise-dataset/resolve/main/images/flat/handstand-push-ups-peak.webp,C:\Doan2\Do_an_2\AI\image\flat\handstand-push-ups-peak.webp,images/flat/handstand-push-ups-peak.webp
https://huggingface.co/datasets/RepDB/exercise-dataset/resolve/main/images/flat/handstand-push-ups-start.webp,C:\Doan2\Do_an_2\AI\image\flat\handstand-push-ups-start.webp,images/flat/handstand-push-ups-start.webp
https://huggingface.co/datasets/RepDB/exercise-dataset/resolve/main/images/flat/hang-clean-peak.webp,C:\Doan2\Do_an_2\AI\image\flat\hang-clean-peak.webp,images/flat/hang-clean-peak.webp
https://huggingface.co/datasets/RepDB/exercise-dataset/resolve/main/images/flat/hang-clean-start.webp,C:\Doan2\Do_an_2\AI\image\flat\hang-clean-start.webp,images/flat/hang-clean-start.webp
https://huggingface.co/datasets/RepDB/exercise-dataset/resolve/main/images/flat/hang-power-clean-peak.webp,C:\Doan2\Do_an_2\AI\image\flat\hang-power-clean-peak.webp,images/flat/hang-power-clean-peak.webp
https://huggingface.co/datasets/RepDB/exercise-dataset/resolve/main/images/flat/hang-power-clean-start.webp,C:\Doan2\Do_an_2\AI\image\flat\hang-power-clean-start.webp,images/flat/hang-power-clean-start.webp
https://huggingface.co/datasets/RepDB/exercise-dataset/resolve/main/images/flat/hanging-knee-raise-peak.webp,C:\Doan2\Do_an_2\AI\image\flat\hanging-knee-raise-peak.webp,images/flat/hanging-knee-raise-peak.webp
https://huggingface.co/datasets/RepDB/exercise-dataset/resolve/main/images/flat/hanging-knee-raise-start.webp,C:\Doan2\Do_an_2\AI\image\flat\hanging-knee-raise-start.webp,images/flat/hanging-knee-raise-start.webp
https://huggingface.co/datasets/RepDB/exercise-dataset/resolve/main/images/flat/hanging-leg-raise-peak.webp,C:\Doan2\Do_an_2\AI\image\flat\hanging-leg-raise-peak.webp,images/flat/hanging-leg-raise-peak.webp
https://huggingface.co/datasets/RepDB/exercise-dataset/resolve/main/images/flat/hanging-leg-raise-start.webp,C:\Doan2\Do_an_2\AI\image\flat\hanging-leg-raise-start.webp,images/flat/hanging-leg-raise-start.webp
https://huggingface.co/datasets/RepDB/exercise-dataset/resolve/main/images/flat/heel-elevated-squat-peak.webp,C:\Doan2\Do_an_2\AI\image\flat\heel-elevated-squat-peak.webp,images/flat/heel-elevated-squat-peak.webp
https://huggingface.co/datasets/RepDB/exercise-dataset/resolve/main/images/flat/heel-elevated-squat-start.webp,C:\Doan2\Do_an_2\AI\image\flat\heel-elevated-squat-start.webp,images/flat/heel-elevated-squat-start.webp
https://huggingface.co/datasets/RepDB/exercise-dataset/resolve/main/images/flat/hex-bar-deadlift-peak.webp,C:\Doan2\Do_an_2\AI\image\flat\hex-bar-deadlift-peak.webp,images/flat/hex-bar-deadlift-peak.webp
https://huggingface.co/datasets/RepDB/exercise-dataset/resolve/main/images/flat/hex-bar-deadlift-start.webp,C:\Doan2\Do_an_2\AI\image\flat\hex-bar-deadlift-start.webp,images/flat/hex-bar-deadlift-start.webp
https://huggingface.co/datasets/RepDB/exercise-dataset/resolve/main/images/flat/high-plank-main.webp,C:\Doan2\Do_an_2\AI\image\flat\high-plank-main.webp,images/flat/high-plank-main.webp
https://huggingface.co/datasets/RepDB/exercise-dataset/resolve/main/images/flat/hip-abduction-peak.webp,C:\Doan2\Do_an_2\AI\image\flat\hip-abduction-peak.webp,images/flat/hip-abduction-peak.webp
https://huggingface.co/datasets/RepDB/exercise-dataset/resolve/main/images/flat/hip-abduction-start.webp,C:\Doan2\Do_an_2\AI\image\flat\hip-abduction-start.webp,images/flat/hip-abduction-start.webp
https://huggingface.co/datasets/RepDB/exercise-dataset/resolve/main/images/flat/hip-adduction-peak.webp,C:\Doan2\Do_an_2\AI\image\flat\hip-adduction-peak.webp,images/flat/hip-adduction-peak.webp
https://huggingface.co/datasets/RepDB/exercise-dataset/resolve/main/images/flat/hip-adduction-start.webp,C:\Doan2\Do_an_2\AI\image\flat\hip-adduction-start.webp,images/flat/hip-adduction-start.webp
https://huggingface.co/datasets/RepDB/exercise-dataset/resolve/main/images/flat/hip-thrust-peak.webp,C:\Doan2\Do_an_2\AI\image\flat\hip-thrust-peak.webp,images/flat/hip-thrust-peak.webp
https://huggingface.co/datasets/RepDB/exercise-dataset/resolve/main/images/flat/hip-thrust-start.webp,C:\Doan2\Do_an_2\AI\image\flat\hip-thrust-start.webp,images/flat/hip-thrust-start.webp
https://huggingface.co/datasets/RepDB/exercise-dataset/resolve/main/images/flat/horizontal-leg-press-peak.webp,C:\Doan2\Do_an_2\AI\image\flat\horizontal-leg-press-peak.webp,images/flat/horizontal-leg-press-peak.webp
https://huggingface.co/datasets/RepDB/exercise-dataset/resolve/main/images/flat/horizontal-leg-press-start.webp,C:\Doan2\Do_an_2\AI\image\flat\horizontal-leg-press-start.webp,images/flat/horizontal-leg-press-start.webp
https://huggingface.co/datasets/RepDB/exercise-dataset/resolve/main/images/flat/incline-bench-ez-bar-press-peak.webp,C:\Doan2\Do_an_2\AI\image\flat\incline-bench-ez-bar-press-peak.webp,images/flat/incline-bench-ez-bar-press-peak.webp
https://huggingface.co/datasets/RepDB/exercise-dataset/resolve/main/images/flat/incline-bench-ez-bar-press-start.webp,C:\Doan2\Do_an_2\AI\image\flat\incline-bench-ez-bar-press-start.webp,images/flat/incline-bench-ez-bar-press-start.webp
https://huggingface.co/datasets/RepDB/exercise-dataset/resolve/main/images/flat/incline-bench-press-peak.webp,C:\Doan2\Do_an_2\AI\image\flat\incline-bench-press-peak.webp,images/flat/incline-bench-press-peak.webp
https://huggingface.co/datasets/RepDB/exercise-dataset/resolve/main/images/flat/incline-bench-press-start.webp,C:\Doan2\Do_an_2\AI\image\flat\incline-bench-press-start.webp,images/flat/incline-bench-press-start.webp
https://huggingface.co/datasets/RepDB/exercise-dataset/resolve/main/images/flat/incline-db-curl-peak.webp,C:\Doan2\Do_an_2\AI\image\flat\incline-db-curl-peak.webp,images/flat/incline-db-curl-peak.webp
https://huggingface.co/datasets/RepDB/exercise-dataset/resolve/main/images/flat/incline-db-curl-start.webp,C:\Doan2\Do_an_2\AI\image\flat\incline-db-curl-start.webp,images/flat/incline-db-curl-start.webp
https://huggingface.co/datasets/RepDB/exercise-dataset/resolve/main/images/flat/incline-db-press-peak.webp,C:\Doan2\Do_an_2\AI\image\flat\incline-db-press-peak.webp,images/flat/incline-db-press-peak.webp
https://huggingface.co/datasets/RepDB/exercise-dataset/resolve/main/images/flat/incline-db-press-start.webp,C:\Doan2\Do_an_2\AI\image\flat\incline-db-press-start.webp,images/flat/incline-db-press-start.webp
https://huggingface.co/datasets/RepDB/exercise-dataset/resolve/main/images/flat/incline-dumbbell-fly-peak.webp,C:\Doan2\Do_an_2\AI\image\flat\incline-dumbbell-fly-peak.webp,images/flat/incline-dumbbell-fly-peak.webp
https://huggingface.co/datasets/RepDB/exercise-dataset/resolve/main/images/flat/incline-dumbbell-fly-start.webp,C:\Doan2\Do_an_2\AI\image\flat\incline-dumbbell-fly-start.webp,images/flat/incline-dumbbell-fly-start.webp
https://huggingface.co/datasets/RepDB/exercise-dataset/resolve/main/images/flat/incline-hammer-curl-peak.webp,C:\Doan2\Do_an_2\AI\image\flat\incline-hammer-curl-peak.webp,images/flat/incline-hammer-curl-peak.webp
https://huggingface.co/datasets/RepDB/exercise-dataset/resolve/main/images/flat/incline-hammer-curl-start.webp,C:\Doan2\Do_an_2\AI\image\flat\incline-hammer-curl-start.webp,images/flat/incline-hammer-curl-start.webp
https://huggingface.co/datasets/RepDB/exercise-dataset/resolve/main/images/flat/incline-push-ups-peak.webp,C:\Doan2\Do_an_2\AI\image\flat\incline-push-ups-peak.webp,images/flat/incline-push-ups-peak.webp
https://huggingface.co/datasets/RepDB/exercise-dataset/resolve/main/images/flat/incline-push-ups-start.webp,C:\Doan2\Do_an_2\AI\image\flat\incline-push-ups-start.webp,images/flat/incline-push-ups-start.webp
https://huggingface.co/datasets/RepDB/exercise-dataset/resolve/main/images/flat/inverted-row-peak.webp,C:\Doan2\Do_an_2\AI\image\flat\inverted-row-peak.webp,images/flat/inverted-row-peak.webp
https://huggingface.co/datasets/RepDB/exercise-dataset/resolve/main/images/flat/inverted-row-start.webp,C:\Doan2\Do_an_2\AI\image\flat\inverted-row-start.webp,images/flat/inverted-row-start.webp
https://huggingface.co/datasets/RepDB/exercise-dataset/resolve/main/images/flat/jump-squat-peak.webp,C:\Doan2\Do_an_2\AI\image\flat\jump-squat-peak.webp,images/flat/jump-squat-peak.webp
https://huggingface.co/datasets/RepDB/exercise-dataset/resolve/main/images/flat/jump-squat-start.webp,C:\Doan2\Do_an_2\AI\image\flat\jump-squat-start.webp,images/flat/jump-squat-start.webp
https://huggingface.co/datasets/RepDB/exercise-dataset/resolve/main/images/flat/jumping-jacks-peak.webp,C:\Doan2\Do_an_2\AI\image\flat\jumping-jacks-peak.webp,images/flat/jumping-jacks-peak.webp
https://huggingface.co/datasets/RepDB/exercise-dataset/resolve/main/images/flat/jumping-jacks-start.webp,C:\Doan2\Do_an_2\AI\image\flat\jumping-jacks-start.webp,images/flat/jumping-jacks-start.webp
https://huggingface.co/datasets/RepDB/exercise-dataset/resolve/main/images/flat/kettlebell-deadlift-peak.webp,C:\Doan2\Do_an_2\AI\image\flat\kettlebell-deadlift-peak.webp,images/flat/kettlebell-deadlift-peak.webp
https://huggingface.co/datasets/RepDB/exercise-dataset/resolve/main/images/flat/kettlebell-deadlift-start.webp,C:\Doan2\Do_an_2\AI\image\flat\kettlebell-deadlift-start.webp,images/flat/kettlebell-deadlift-start.webp
https://huggingface.co/datasets/RepDB/exercise-dataset/resolve/main/images/flat/kettlebell-farmers-walk-main.webp,C:\Doan2\Do_an_2\AI\image\flat\kettlebell-farmers-walk-main.webp,images/flat/kettlebell-farmers-walk-main.webp
https://huggingface.co/datasets/RepDB/exercise-dataset/resolve/main/images/flat/kettlebell-lunge-press-peak.webp,C:\Doan2\Do_an_2\AI\image\flat\kettlebell-lunge-press-peak.webp,images/flat/kettlebell-lunge-press-peak.webp
https://huggingface.co/datasets/RepDB/exercise-dataset/resolve/main/images/flat/kettlebell-lunge-press-start.webp,C:\Doan2\Do_an_2\AI\image\flat\kettlebell-lunge-press-start.webp,images/flat/kettlebell-lunge-press-start.webp
https://huggingface.co/datasets/RepDB/exercise-dataset/resolve/main/images/flat/kettlebell-offset-reverse-lunge-and-press-peak.webp,C:\Doan2\Do_an_2\AI\image\flat\kettlebell-offset-reverse-lunge-and-press-peak.webp,images/flat/kettlebell-offset-reverse-lunge-and-press-peak.webp
https://huggingface.co/datasets/RepDB/exercise-dataset/resolve/main/images/flat/kettlebell-offset-reverse-lunge-and-press-start.webp,C:\Doan2\Do_an_2\AI\image\flat\kettlebell-offset-reverse-lunge-and-press-start.webp,images/flat/kettlebell-offset-reverse-lunge-and-press-start.webp
https://huggingface.co/datasets/RepDB/exercise-dataset/resolve/main/images/flat/kettlebell-pistol-squat-peak.webp,C:\Doan2\Do_an_2\AI\image\flat\kettlebell-pistol-squat-peak.webp,images/flat/kettlebell-pistol-squat-peak.webp
https://huggingface.co/datasets/RepDB/exercise-dataset/resolve/main/images/flat/kettlebell-pistol-squat-start.webp,C:\Doan2\Do_an_2\AI\image\flat\kettlebell-pistol-squat-start.webp,images/flat/kettlebell-pistol-squat-start.webp
https://huggingface.co/datasets/RepDB/exercise-dataset/resolve/main/images/flat/kettlebell-rotational-lunge-peak.webp,C:\Doan2\Do_an_2\AI\image\flat\kettlebell-rotational-lunge-peak.webp,images/flat/kettlebell-rotational-lunge-peak.webp
https://huggingface.co/datasets/RepDB/exercise-dataset/resolve/main/images/flat/kettlebell-rotational-lunge-start.webp,C:\Doan2\Do_an_2\AI\image\flat\kettlebell-rotational-lunge-start.webp,images/flat/kettlebell-rotational-lunge-start.webp
https://huggingface.co/datasets/RepDB/exercise-dataset/resolve/main/images/flat/kettlebell-russian-twist-peak.webp,C:\Doan2\Do_an_2\AI\image\flat\kettlebell-russian-twist-peak.webp,images/flat/kettlebell-russian-twist-peak.webp
https://huggingface.co/datasets/RepDB/exercise-dataset/resolve/main/images/flat/kettlebell-russian-twist-start.webp,C:\Doan2\Do_an_2\AI\image\flat\kettlebell-russian-twist-start.webp,images/flat/kettlebell-russian-twist-start.webp
https://huggingface.co/datasets/RepDB/exercise-dataset/resolve/main/images/flat/kettlebell-single-leg-deadlift-peak.webp,C:\Doan2\Do_an_2\AI\image\flat\kettlebell-single-leg-deadlift-peak.webp,images/flat/kettlebell-single-leg-deadlift-peak.webp
https://huggingface.co/datasets/RepDB/exercise-dataset/resolve/main/images/flat/kettlebell-single-leg-deadlift-start.webp,C:\Doan2\Do_an_2\AI\image\flat\kettlebell-single-leg-deadlift-start.webp,images/flat/kettlebell-single-leg-deadlift-start.webp
https://huggingface.co/datasets/RepDB/exercise-dataset/resolve/main/images/flat/kettlebell-swing-peak.webp,C:\Doan2\Do_an_2\AI\image\flat\kettlebell-swing-peak.webp,images/flat/kettlebell-swing-peak.webp
https://huggingface.co/datasets/RepDB/exercise-dataset/resolve/main/images/flat/kettlebell-swing-start.webp,C:\Doan2\Do_an_2\AI\image\flat\kettlebell-swing-start.webp,images/flat/kettlebell-swing-start.webp
https://huggingface.co/datasets/RepDB/exercise-dataset/resolve/main/images/flat/kettlebell-turkish-get-ups-peak.webp,C:\Doan2\Do_an_2\AI\image\flat\kettlebell-turkish-get-ups-peak.webp,images/flat/kettlebell-turkish-get-ups-peak.webp
https://huggingface.co/datasets/RepDB/exercise-dataset/resolve/main/images/flat/kettlebell-turkish-get-ups-start.webp,C:\Doan2\Do_an_2\AI\image\flat\kettlebell-turkish-get-ups-start.webp,images/flat/kettlebell-turkish-get-ups-start.webp
https://huggingface.co/datasets/RepDB/exercise-dataset/resolve/main/images/flat/kettlebell-windmills-peak.webp,C:\Doan2\Do_an_2\AI\image\flat\kettlebell-windmills-peak.webp,images/flat/kettlebell-windmills-peak.webp
https://huggingface.co/datasets/RepDB/exercise-dataset/resolve/main/images/flat/kettlebell-windmills-start.webp,C:\Doan2\Do_an_2\AI\image\flat\kettlebell-windmills-start.webp,images/flat/kettlebell-windmills-start.webp
https://huggingface.co/datasets/RepDB/exercise-dataset/resolve/main/images/flat/knee-push-ups-peak.webp,C:\Doan2\Do_an_2\AI\image\flat\knee-push-ups-peak.webp,images/flat/knee-push-ups-peak.webp
https://huggingface.co/datasets/RepDB/exercise-dataset/resolve/main/images/flat/knee-push-ups-start.webp,C:\Doan2\Do_an_2\AI\image\flat\knee-push-ups-start.webp,images/flat/knee-push-ups-start.webp
https://huggingface.co/datasets/RepDB/exercise-dataset/resolve/main/images/flat/l-sit-main.webp,C:\Doan2\Do_an_2\AI\image\flat\l-sit-main.webp,images/flat/l-sit-main.webp
https://huggingface.co/datasets/RepDB/exercise-dataset/resolve/main/images/flat/landmine-press-peak.webp,C:\Doan2\Do_an_2\AI\image\flat\landmine-press-peak.webp,images/flat/landmine-press-peak.webp
https://huggingface.co/datasets/RepDB/exercise-dataset/resolve/main/images/flat/landmine-press-start.webp,C:\Doan2\Do_an_2\AI\image\flat\landmine-press-start.webp,images/flat/landmine-press-start.webp
https://huggingface.co/datasets/RepDB/exercise-dataset/resolve/main/images/flat/lat-pulldown-peak.webp,C:\Doan2\Do_an_2\AI\image\flat\lat-pulldown-peak.webp,images/flat/lat-pulldown-peak.webp
https://huggingface.co/datasets/RepDB/exercise-dataset/resolve/main/images/flat/lat-pulldown-start.webp,C:\Doan2\Do_an_2\AI\image\flat\lat-pulldown-start.webp,images/flat/lat-pulldown-start.webp
https://huggingface.co/datasets/RepDB/exercise-dataset/resolve/main/images/flat/lateral-raise-peak.webp,C:\Doan2\Do_an_2\AI\image\flat\lateral-raise-peak.webp,images/flat/lateral-raise-peak.webp
https://huggingface.co/datasets/RepDB/exercise-dataset/resolve/main/images/flat/lateral-raise-start.webp,C:\Doan2\Do_an_2\AI\image\flat\lateral-raise-start.webp,images/flat/lateral-raise-start.webp
https://huggingface.co/datasets/RepDB/exercise-dataset/resolve/main/images/flat/leg-curl-peak.webp,C:\Doan2\Do_an_2\AI\image\flat\leg-curl-peak.webp,images/flat/leg-curl-peak.webp
https://huggingface.co/datasets/RepDB/exercise-dataset/resolve/main/images/flat/leg-curl-start.webp,C:\Doan2\Do_an_2\AI\image\flat\leg-curl-start.webp,images/flat/leg-curl-start.webp
https://huggingface.co/datasets/RepDB/exercise-dataset/resolve/main/images/flat/leg-extension-peak.webp,C:\Doan2\Do_an_2\AI\image\flat\leg-extension-peak.webp,images/flat/leg-extension-peak.webp
https://huggingface.co/datasets/RepDB/exercise-dataset/resolve/main/images/flat/leg-extension-start.webp,C:\Doan2\Do_an_2\AI\image\flat\leg-extension-start.webp,images/flat/leg-extension-start.webp
https://huggingface.co/datasets/RepDB/exercise-dataset/resolve/main/images/flat/leg-press-peak.webp,C:\Doan2\Do_an_2\AI\image\flat\leg-press-peak.webp,images/flat/leg-press-peak.webp
https://huggingface.co/datasets/RepDB/exercise-dataset/resolve/main/images/flat/leg-press-start.webp,C:\Doan2\Do_an_2\AI\image\flat\leg-press-start.webp,images/flat/leg-press-start.webp
https://huggingface.co/datasets/RepDB/exercise-dataset/resolve/main/images/flat/lunge-peak.webp,C:\Doan2\Do_an_2\AI\image\flat\lunge-peak.webp,images/flat/lunge-peak.webp
https://huggingface.co/datasets/RepDB/exercise-dataset/resolve/main/images/flat/lunge-start.webp,C:\Doan2\Do_an_2\AI\image\flat\lunge-start.webp,images/flat/lunge-start.webp
https://huggingface.co/datasets/RepDB/exercise-dataset/resolve/main/images/flat/lying-leg-raise-peak.webp,C:\Doan2\Do_an_2\AI\image\flat\lying-leg-raise-peak.webp,images/flat/lying-leg-raise-peak.webp
https://huggingface.co/datasets/RepDB/exercise-dataset/resolve/main/images/flat/lying-leg-raise-start.webp,C:\Doan2\Do_an_2\AI\image\flat\lying-leg-raise-start.webp,images/flat/lying-leg-raise-start.webp
https://huggingface.co/datasets/RepDB/exercise-dataset/resolve/main/images/flat/lying-tricep-extension-peak.webp,C:\Doan2\Do_an_2\AI\image\flat\lying-tricep-extension-peak.webp,images/flat/lying-tricep-extension-peak.webp
https://huggingface.co/datasets/RepDB/exercise-dataset/resolve/main/images/flat/lying-tricep-extension-start.webp,C:\Doan2\Do_an_2\AI\image\flat\lying-tricep-extension-start.webp,images/flat/lying-tricep-extension-start.webp
https://huggingface.co/datasets/RepDB/exercise-dataset/resolve/main/images/flat/machine-back-extension-peak.webp,C:\Doan2\Do_an_2\AI\image\flat\machine-back-extension-peak.webp,images/flat/machine-back-extension-peak.webp
https://huggingface.co/datasets/RepDB/exercise-dataset/resolve/main/images/flat/machine-back-extension-start.webp,C:\Doan2\Do_an_2\AI\image\flat\machine-back-extension-start.webp,images/flat/machine-back-extension-start.webp
https://huggingface.co/datasets/RepDB/exercise-dataset/resolve/main/images/flat/machine-bicep-curl-peak.webp,C:\Doan2\Do_an_2\AI\image\flat\machine-bicep-curl-peak.webp,images/flat/machine-bicep-curl-peak.webp
https://huggingface.co/datasets/RepDB/exercise-dataset/resolve/main/images/flat/machine-bicep-curl-start.webp,C:\Doan2\Do_an_2\AI\image\flat\machine-bicep-curl-start.webp,images/flat/machine-bicep-curl-start.webp
https://huggingface.co/datasets/RepDB/exercise-dataset/resolve/main/images/flat/machine-calf-raise-peak.webp,C:\Doan2\Do_an_2\AI\image\flat\machine-calf-raise-peak.webp,images/flat/machine-calf-raise-peak.webp
https://huggingface.co/datasets/RepDB/exercise-dataset/resolve/main/images/flat/machine-calf-raise-start.webp,C:\Doan2\Do_an_2\AI\image\flat\machine-calf-raise-start.webp,images/flat/machine-calf-raise-start.webp
https://huggingface.co/datasets/RepDB/exercise-dataset/resolve/main/images/flat/machine-chest-fly-peak.webp,C:\Doan2\Do_an_2\AI\image\flat\machine-chest-fly-peak.webp,images/flat/machine-chest-fly-peak.webp
https://huggingface.co/datasets/RepDB/exercise-dataset/resolve/main/images/flat/machine-chest-fly-start.webp,C:\Doan2\Do_an_2\AI\image\flat\machine-chest-fly-start.webp,images/flat/machine-chest-fly-start.webp
https://huggingface.co/datasets/RepDB/exercise-dataset/resolve/main/images/flat/machine-seated-crunch-peak.webp,C:\Doan2\Do_an_2\AI\image\flat\machine-seated-crunch-peak.webp,images/flat/machine-seated-crunch-peak.webp
https://huggingface.co/datasets/RepDB/exercise-dataset/resolve/main/images/flat/machine-seated-crunch-start.webp,C:\Doan2\Do_an_2\AI\image\flat\machine-seated-crunch-start.webp,images/flat/machine-seated-crunch-start.webp
https://huggingface.co/datasets/RepDB/exercise-dataset/resolve/main/images/flat/machine-shoulder-press-peak.webp,C:\Doan2\Do_an_2\AI\image\flat\machine-shoulder-press-peak.webp,images/flat/machine-shoulder-press-peak.webp
https://huggingface.co/datasets/RepDB/exercise-dataset/resolve/main/images/flat/machine-shoulder-press-start.webp,C:\Doan2\Do_an_2\AI\image\flat\machine-shoulder-press-start.webp,images/flat/machine-shoulder-press-start.webp
https://huggingface.co/datasets/RepDB/exercise-dataset/resolve/main/images/flat/machine-triceps-extension-peak.webp,C:\Doan2\Do_an_2\AI\image\flat\machine-triceps-extension-peak.webp,images/flat/machine-triceps-extension-peak.webp
https://huggingface.co/datasets/RepDB/exercise-dataset/resolve/main/images/flat/machine-triceps-extension-start.webp,C:\Doan2\Do_an_2\AI\image\flat\machine-triceps-extension-start.webp,images/flat/machine-triceps-extension-start.webp
https://huggingface.co/datasets/RepDB/exercise-dataset/resolve/main/images/flat/mountain-climbers-peak.webp,C:\Doan2\Do_an_2\AI\image\flat\mountain-climbers-peak.webp,images/flat/mountain-climbers-peak.webp
https://huggingface.co/datasets/RepDB/exercise-dataset/resolve/main/images/flat/mountain-climbers-start.webp,C:\Doan2\Do_an_2\AI\image\flat\mountain-climbers-start.webp,images/flat/mountain-climbers-start.webp
https://huggingface.co/datasets/RepDB/exercise-dataset/resolve/main/images/flat/muscle-ups-peak.webp,C:\Doan2\Do_an_2\AI\image\flat\muscle-ups-peak.webp,images/flat/muscle-ups-peak.webp
https://huggingface.co/datasets/RepDB/exercise-dataset/resolve/main/images/flat/muscle-ups-start.webp,C:\Doan2\Do_an_2\AI\image\flat\muscle-ups-start.webp,images/flat/muscle-ups-start.webp
https://huggingface.co/datasets/RepDB/exercise-dataset/resolve/main/images/flat/negative-pull-ups-peak.webp,C:\Doan2\Do_an_2\AI\image\flat\negative-pull-ups-peak.webp,images/flat/negative-pull-ups-peak.webp
https://huggingface.co/datasets/RepDB/exercise-dataset/resolve/main/images/flat/negative-pull-ups-start.webp,C:\Doan2\Do_an_2\AI\image\flat\negative-pull-ups-start.webp,images/flat/negative-pull-ups-start.webp
https://huggingface.co/datasets/RepDB/exercise-dataset/resolve/main/images/flat/neutral-grip-pull-ups-peak.webp,C:\Doan2\Do_an_2\AI\image\flat\neutral-grip-pull-ups-peak.webp,images/flat/neutral-grip-pull-ups-peak.webp
https://huggingface.co/datasets/RepDB/exercise-dataset/resolve/main/images/flat/neutral-grip-pull-ups-start.webp,C:\Doan2\Do_an_2\AI\image\flat\neutral-grip-pull-ups-start.webp,images/flat/neutral-grip-pull-ups-start.webp
https://huggingface.co/datasets/RepDB/exercise-dataset/resolve/main/images/flat/nordic-hamstring-curl-peak.webp,C:\Doan2\Do_an_2\AI\image\flat\nordic-hamstring-curl-peak.webp,images/flat/nordic-hamstring-curl-peak.webp
https://huggingface.co/datasets/RepDB/exercise-dataset/resolve/main/images/flat/nordic-hamstring-curl-start.webp,C:\Doan2\Do_an_2\AI\image\flat\nordic-hamstring-curl-start.webp,images/flat/nordic-hamstring-curl-start.webp
https://huggingface.co/datasets/RepDB/exercise-dataset/resolve/main/images/flat/ohp-peak.webp,C:\Doan2\Do_an_2\AI\image\flat\ohp-peak.webp,images/flat/ohp-peak.webp
https://huggingface.co/datasets/RepDB/exercise-dataset/resolve/main/images/flat/ohp-start.webp,C:\Doan2\Do_an_2\AI\image\flat\ohp-start.webp,images/flat/ohp-start.webp
https://huggingface.co/datasets/RepDB/exercise-dataset/resolve/main/images/flat/one-arm-kettlebell-bicep-curl-peak.webp,C:\Doan2\Do_an_2\AI\image\flat\one-arm-kettlebell-bicep-curl-peak.webp,images/flat/one-arm-kettlebell-bicep-curl-peak.webp
https://huggingface.co/datasets/RepDB/exercise-dataset/resolve/main/images/flat/one-arm-kettlebell-bicep-curl-start.webp,C:\Doan2\Do_an_2\AI\image\flat\one-arm-kettlebell-bicep-curl-start.webp,images/flat/one-arm-kettlebell-bicep-curl-start.webp
https://huggingface.co/datasets/RepDB/exercise-dataset/resolve/main/images/flat/overhead-tricep-extension-peak.webp,C:\Doan2\Do_an_2\AI\image\flat\overhead-tricep-extension-peak.webp,images/flat/overhead-tricep-extension-peak.webp
https://huggingface.co/datasets/RepDB/exercise-dataset/resolve/main/images/flat/overhead-tricep-extension-start.webp,C:\Doan2\Do_an_2\AI\image\flat\overhead-tricep-extension-start.webp,images/flat/overhead-tricep-extension-start.webp
https://huggingface.co/datasets/RepDB/exercise-dataset/resolve/main/images/flat/planche-main.webp,C:\Doan2\Do_an_2\AI\image\flat\planche-main.webp,images/flat/planche-main.webp
https://huggingface.co/datasets/RepDB/exercise-dataset/resolve/main/images/flat/plank-main.webp,C:\Doan2\Do_an_2\AI\image\flat\plank-main.webp,images/flat/plank-main.webp
https://huggingface.co/datasets/RepDB/exercise-dataset/resolve/main/images/flat/preacher-curl-peak.webp,C:\Doan2\Do_an_2\AI\image\flat\preacher-curl-peak.webp,images/flat/preacher-curl-peak.webp
https://huggingface.co/datasets/RepDB/exercise-dataset/resolve/main/images/flat/preacher-curl-start.webp,C:\Doan2\Do_an_2\AI\image\flat\preacher-curl-start.webp,images/flat/preacher-curl-start.webp
https://huggingface.co/datasets/RepDB/exercise-dataset/resolve/main/images/flat/pull-up-peak.webp,C:\Doan2\Do_an_2\AI\image\flat\pull-up-peak.webp,images/flat/pull-up-peak.webp
https://huggingface.co/datasets/RepDB/exercise-dataset/resolve/main/images/flat/pull-up-start.webp,C:\Doan2\Do_an_2\AI\image\flat\pull-up-start.webp,images/flat/pull-up-start.webp
https://huggingface.co/datasets/RepDB/exercise-dataset/resolve/main/images/flat/push-press-peak.webp,C:\Doan2\Do_an_2\AI\image\flat\push-press-peak.webp,images/flat/push-press-peak.webp
https://huggingface.co/datasets/RepDB/exercise-dataset/resolve/main/images/flat/push-press-start.webp,C:\Doan2\Do_an_2\AI\image\flat\push-press-start.webp,images/flat/push-press-start.webp
https://huggingface.co/datasets/RepDB/exercise-dataset/resolve/main/images/flat/push-up-peak.webp,C:\Doan2\Do_an_2\AI\image\flat\push-up-peak.webp,images/flat/push-up-peak.webp
https://huggingface.co/datasets/RepDB/exercise-dataset/resolve/main/images/flat/push-up-start.webp,C:\Doan2\Do_an_2\AI\image\flat\push-up-start.webp,images/flat/push-up-start.webp
https://huggingface.co/datasets/RepDB/exercise-dataset/resolve/main/images/flat/rear-delt-fly-peak.webp,C:\Doan2\Do_an_2\AI\image\flat\rear-delt-fly-peak.webp,images/flat/rear-delt-fly-peak.webp
https://huggingface.co/datasets/RepDB/exercise-dataset/resolve/main/images/flat/rear-delt-fly-start.webp,C:\Doan2\Do_an_2\AI\image\flat\rear-delt-fly-start.webp,images/flat/rear-delt-fly-start.webp
https://huggingface.co/datasets/RepDB/exercise-dataset/resolve/main/images/flat/reverse-curl-peak.webp,C:\Doan2\Do_an_2\AI\image\flat\reverse-curl-peak.webp,images/flat/reverse-curl-peak.webp
https://huggingface.co/datasets/RepDB/exercise-dataset/resolve/main/images/flat/reverse-curl-start.webp,C:\Doan2\Do_an_2\AI\image\flat\reverse-curl-start.webp,images/flat/reverse-curl-start.webp
https://huggingface.co/datasets/RepDB/exercise-dataset/resolve/main/images/flat/reverse-lunge-peak.webp,C:\Doan2\Do_an_2\AI\image\flat\reverse-lunge-peak.webp,images/flat/reverse-lunge-peak.webp
https://huggingface.co/datasets/RepDB/exercise-dataset/resolve/main/images/flat/reverse-lunge-start.webp,C:\Doan2\Do_an_2\AI\image\flat\reverse-lunge-start.webp,images/flat/reverse-lunge-start.webp
https://huggingface.co/datasets/RepDB/exercise-dataset/resolve/main/images/flat/ring-dips-peak.webp,C:\Doan2\Do_an_2\AI\image\flat\ring-dips-peak.webp,images/flat/ring-dips-peak.webp
https://huggingface.co/datasets/RepDB/exercise-dataset/resolve/main/images/flat/ring-dips-start.webp,C:\Doan2\Do_an_2\AI\image\flat\ring-dips-start.webp,images/flat/ring-dips-start.webp
https://huggingface.co/datasets/RepDB/exercise-dataset/resolve/main/images/flat/ring-face-pull-peak.webp,C:\Doan2\Do_an_2\AI\image\flat\ring-face-pull-peak.webp,images/flat/ring-face-pull-peak.webp
https://huggingface.co/datasets/RepDB/exercise-dataset/resolve/main/images/flat/ring-face-pull-start.webp,C:\Doan2\Do_an_2\AI\image\flat\ring-face-pull-start.webp,images/flat/ring-face-pull-start.webp
https://huggingface.co/datasets/RepDB/exercise-dataset/resolve/main/images/flat/romanian-deadlift-peak.webp,C:\Doan2\Do_an_2\AI\image\flat\romanian-deadlift-peak.webp,images/flat/romanian-deadlift-peak.webp
https://huggingface.co/datasets/RepDB/exercise-dataset/resolve/main/images/flat/romanian-deadlift-start.webp,C:\Doan2\Do_an_2\AI\image\flat\romanian-deadlift-start.webp,images/flat/romanian-deadlift-start.webp
https://huggingface.co/datasets/RepDB/exercise-dataset/resolve/main/images/flat/russian-twist-peak.webp,C:\Doan2\Do_an_2\AI\image\flat\russian-twist-peak.webp,images/flat/russian-twist-peak.webp
https://huggingface.co/datasets/RepDB/exercise-dataset/resolve/main/images/flat/russian-twist-start.webp,C:\Doan2\Do_an_2\AI\image\flat\russian-twist-start.webp,images/flat/russian-twist-start.webp
https://huggingface.co/datasets/RepDB/exercise-dataset/resolve/main/images/flat/seated-calf-raise-peak.webp,C:\Doan2\Do_an_2\AI\image\flat\seated-calf-raise-peak.webp,images/flat/seated-calf-raise-peak.webp
https://huggingface.co/datasets/RepDB/exercise-dataset/resolve/main/images/flat/seated-calf-raise-start.webp,C:\Doan2\Do_an_2\AI\image\flat\seated-calf-raise-start.webp,images/flat/seated-calf-raise-start.webp
https://huggingface.co/datasets/RepDB/exercise-dataset/resolve/main/images/flat/seated-db-press-peak.webp,C:\Doan2\Do_an_2\AI\image\flat\seated-db-press-peak.webp,images/flat/seated-db-press-peak.webp
https://huggingface.co/datasets/RepDB/exercise-dataset/resolve/main/images/flat/seated-db-press-start.webp,C:\Doan2\Do_an_2\AI\image\flat\seated-db-press-start.webp,images/flat/seated-db-press-start.webp
https://huggingface.co/datasets/RepDB/exercise-dataset/resolve/main/images/flat/shrug-peak.webp,C:\Doan2\Do_an_2\AI\image\flat\shrug-peak.webp,images/flat/shrug-peak.webp
https://huggingface.co/datasets/RepDB/exercise-dataset/resolve/main/images/flat/shrug-start.webp,C:\Doan2\Do_an_2\AI\image\flat\shrug-start.webp,images/flat/shrug-start.webp
https://huggingface.co/datasets/RepDB/exercise-dataset/resolve/main/images/flat/side-lying-hip-abduction-peak.webp,C:\Doan2\Do_an_2\AI\image\flat\side-lying-hip-abduction-peak.webp,images/flat/side-lying-hip-abduction-peak.webp
https://huggingface.co/datasets/RepDB/exercise-dataset/resolve/main/images/flat/side-lying-hip-abduction-start.webp,C:\Doan2\Do_an_2\AI\image\flat\side-lying-hip-abduction-start.webp,images/flat/side-lying-hip-abduction-start.webp
https://huggingface.co/datasets/RepDB/exercise-dataset/resolve/main/images/flat/side-plank-main.webp,C:\Doan2\Do_an_2\AI\image\flat\side-plank-main.webp,images/flat/side-plank-main.webp
https://huggingface.co/datasets/RepDB/exercise-dataset/resolve/main/images/flat/single-arm-db-row-peak.webp,C:\Doan2\Do_an_2\AI\image\flat\single-arm-db-row-peak.webp,images/flat/single-arm-db-row-peak.webp
https://huggingface.co/datasets/RepDB/exercise-dataset/resolve/main/images/flat/single-arm-db-row-start.webp,C:\Doan2\Do_an_2\AI\image\flat\single-arm-db-row-start.webp,images/flat/single-arm-db-row-start.webp
https://huggingface.co/datasets/RepDB/exercise-dataset/resolve/main/images/flat/sit-ups-peak.webp,C:\Doan2\Do_an_2\AI\image\flat\sit-ups-peak.webp,images/flat/sit-ups-peak.webp
https://huggingface.co/datasets/RepDB/exercise-dataset/resolve/main/images/flat/sit-ups-start.webp,C:\Doan2\Do_an_2\AI\image\flat\sit-ups-start.webp,images/flat/sit-ups-start.webp
https://huggingface.co/datasets/RepDB/exercise-dataset/resolve/main/images/flat/skull-crusher-peak.webp,C:\Doan2\Do_an_2\AI\image\flat\skull-crusher-peak.webp,images/flat/skull-crusher-peak.webp
https://huggingface.co/datasets/RepDB/exercise-dataset/resolve/main/images/flat/skull-crusher-start.webp,C:\Doan2\Do_an_2\AI\image\flat\skull-crusher-start.webp,images/flat/skull-crusher-start.webp
https://huggingface.co/datasets/RepDB/exercise-dataset/resolve/main/images/flat/smith-machine-bulgarian-split-peak.webp,C:\Doan2\Do_an_2\AI\image\flat\smith-machine-bulgarian-split-peak.webp,images/flat/smith-machine-bulgarian-split-peak.webp
https://huggingface.co/datasets/RepDB/exercise-dataset/resolve/main/images/flat/smith-machine-bulgarian-split-start.webp,C:\Doan2\Do_an_2\AI\image\flat\smith-machine-bulgarian-split-start.webp,images/flat/smith-machine-bulgarian-split-start.webp
https://huggingface.co/datasets/RepDB/exercise-dataset/resolve/main/images/flat/squat-peak.webp,C:\Doan2\Do_an_2\AI\image\flat\squat-peak.webp,images/flat/squat-peak.webp
https://huggingface.co/datasets/RepDB/exercise-dataset/resolve/main/images/flat/squat-start.webp,C:\Doan2\Do_an_2\AI\image\flat\squat-start.webp,images/flat/squat-start.webp
https://huggingface.co/datasets/RepDB/exercise-dataset/resolve/main/images/flat/straight-arm-pulldown-peak.webp,C:\Doan2\Do_an_2\AI\image\flat\straight-arm-pulldown-peak.webp,images/flat/straight-arm-pulldown-peak.webp
https://huggingface.co/datasets/RepDB/exercise-dataset/resolve/main/images/flat/straight-arm-pulldown-start.webp,C:\Doan2\Do_an_2\AI\image\flat\straight-arm-pulldown-start.webp,images/flat/straight-arm-pulldown-start.webp
https://huggingface.co/datasets/RepDB/exercise-dataset/resolve/main/images/flat/sumo-deadlift-peak.webp,C:\Doan2\Do_an_2\AI\image\flat\sumo-deadlift-peak.webp,images/flat/sumo-deadlift-peak.webp
https://huggingface.co/datasets/RepDB/exercise-dataset/resolve/main/images/flat/sumo-deadlift-start.webp,C:\Doan2\Do_an_2\AI\image\flat\sumo-deadlift-start.webp,images/flat/sumo-deadlift-start.webp
https://huggingface.co/datasets/RepDB/exercise-dataset/resolve/main/images/flat/superman-peak.webp,C:\Doan2\Do_an_2\AI\image\flat\superman-peak.webp,images/flat/superman-peak.webp
https://huggingface.co/datasets/RepDB/exercise-dataset/resolve/main/images/flat/superman-start.webp,C:\Doan2\Do_an_2\AI\image\flat\superman-start.webp,images/flat/superman-start.webp
https://huggingface.co/datasets/RepDB/exercise-dataset/resolve/main/images/flat/tricep-kickback-peak.webp,C:\Doan2\Do_an_2\AI\image\flat\tricep-kickback-peak.webp,images/flat/tricep-kickback-peak.webp
https://huggingface.co/datasets/RepDB/exercise-dataset/resolve/main/images/flat/tricep-kickback-start.webp,C:\Doan2\Do_an_2\AI\image\flat\tricep-kickback-start.webp,images/flat/tricep-kickback-start.webp
https://huggingface.co/datasets/RepDB/exercise-dataset/resolve/main/images/flat/tricep-pushdown-peak.webp,C:\Doan2\Do_an_2\AI\image\flat\tricep-pushdown-peak.webp,images/flat/tricep-pushdown-peak.webp
https://huggingface.co/datasets/RepDB/exercise-dataset/resolve/main/images/flat/tricep-pushdown-start.webp,C:\Doan2\Do_an_2\AI\image\flat\tricep-pushdown-start.webp,images/flat/tricep-pushdown-start.webp
https://huggingface.co/datasets/RepDB/exercise-dataset/resolve/main/images/flat/upright-row-peak.webp,C:\Doan2\Do_an_2\AI\image\flat\upright-row-peak.webp,images/flat/upright-row-peak.webp
https://huggingface.co/datasets/RepDB/exercise-dataset/resolve/main/images/flat/upright-row-start.webp,C:\Doan2\Do_an_2\AI\image\flat\upright-row-start.webp,images/flat/upright-row-start.webp
https://huggingface.co/datasets/RepDB/exercise-dataset/resolve/main/images/flat/wall-sit-main.webp,C:\Doan2\Do_an_2\AI\image\flat\wall-sit-main.webp,images/flat/wall-sit-main.webp
https://huggingface.co/datasets/RepDB/exercise-dataset/resolve/main/images/flat/weighted-wall-crunch-peak.webp,C:\Doan2\Do_an_2\AI\image\flat\weighted-wall-crunch-peak.webp,images/flat/weighted-wall-crunch-peak.webp
https://huggingface.co/datasets/RepDB/exercise-dataset/resolve/main/images/flat/weighted-wall-crunch-start.webp,C:\Doan2\Do_an_2\AI\image\flat\weighted-wall-crunch-start.webp,images/flat/weighted-wall-crunch-start.webp
https://huggingface.co/datasets/RepDB/exercise-dataset/resolve/main/images/flat/wide-grip-bench-press-peak.webp,C:\Doan2\Do_an_2\AI\image\flat\wide-grip-bench-press-peak.webp,images/flat/wide-grip-bench-press-peak.webp
https://huggingface.co/datasets/RepDB/exercise-dataset/resolve/main/images/flat/wide-grip-bench-press-start.webp,C:\Doan2\Do_an_2\AI\image\flat\wide-grip-bench-press-start.webp,images/flat/wide-grip-bench-press-start.webp
https://huggingface.co/datasets/RepDB/exercise-dataset/resolve/main/images/flat/wide-grip-seated-cable-row-peak.webp,C:\Doan2\Do_an_2\AI\image\flat\wide-grip-seated-cable-row-peak.webp,images/flat/wide-grip-seated-cable-row-peak.webp
https://huggingface.co/datasets/RepDB/exercise-dataset/resolve/main/images/flat/wide-grip-seated-cable-row-start.webp,C:\Doan2\Do_an_2\AI\image\flat\wide-grip-seated-cable-row-start.webp,images/flat/wide-grip-seated-cable-row-start.webp
