prediction_id,timestamp,user_id,plan_id,exercise_id,raw_ml_recommendation,ml_recommendation_confidence,ml_preference_prediction,ml_preference_confidence,ml_safety_prediction,ml_safety_confidence,rule_based_action,rule_safety_status,risk_score,final_action,was_overridden,override_reason,decision_source,user_feedback_after_action
PRED0000001,2026-08-12T11:01:57,U000001,PLAN000001,EX0003,Reduce Difficulty,1.0,Like,0.5709,Safe,0.9981,Reduce Difficulty,Safe,0.0,Reduce Difficulty,False,,ml_and_rule_agree,
PRED0000002,2026-08-12T11:01:57,U000002,PLAN000002,EX0003,Reduce Difficulty,0.9997,Dislike,0.7925,Safe,0.9993,Reduce Difficulty,Safe,0.0,Reduce Difficulty,False,,ml_and_rule_agree,
PRED0000003,2026-08-12T11:01:57,U000003,PLAN000003,EX0004,Keep,1.0,Dislike,0.5399,Safe,0.9987,Keep,Safe,0.0,Keep,False,,ml_and_rule_agree,
PRED0000004,2026-08-12T11:01:57,U000004,PLAN000004,EX0242,Keep,0.7453,Neutral,0.5786,Safe,0.9987,Reduce Difficulty,Safe,0.0,Keep,False,,ml_recommendation,
PRED0000005,2026-08-12T11:01:57,U000005,PLAN000005,EX0004,Reduce Difficulty,1.0,Like,0.9952,Safe,0.9985,Reduce Difficulty,Safe,0.0,Reduce Difficulty,False,,ml_and_rule_agree,
PRED0000006,2026-08-12T11:01:57,U000006,PLAN000006,EX0003,Keep,1.0,Dislike,0.7596,Safe,0.9998,Keep,Safe,0.0,Replace Exercise,False,,preference_dislike_adjustment,
PRED0000007,2026-08-12T11:01:57,U000007,PLAN000007,EX0004,Keep,1.0,Like,0.9975,Safe,0.9966,Keep,Safe,0.0,Keep,False,,ml_and_rule_agree,
PRED0000008,2026-08-12T11:01:57,U000008,PLAN000008,EX0004,Keep,1.0,Dislike,0.7531,Safe,0.9978,Keep,Safe,0.0,Replace Exercise,False,,preference_dislike_adjustment,
PRED0000009,2026-08-12T11:01:57,U000009,PLAN000009,EX0003,Keep,1.0,Dislike,0.8076,Safe,0.9988,Keep,Safe,0.0,Replace Exercise,False,,preference_dislike_adjustment,
PRED0000010,2026-08-12T11:01:57,U000010,PLAN000010,EX0026,Review Safety,0.9996,Dislike,0.6082,Review,0.9975,Review Safety,Review,0.55,Review Safety,False,,rule_safety_priority,
PRED0000011,2026-08-12T11:01:57,U000011,PLAN000011,EX0281,Keep,0.9999,Like,0.998,Safe,0.9974,Keep,Safe,0.0,Keep,False,,ml_and_rule_agree,
PRED0000012,2026-08-12T11:01:57,U000012,PLAN000012,EX0067,Keep,0.9997,Dislike,0.6141,Safe,0.9968,Keep,Safe,0.0,Replace Exercise,False,,preference_dislike_adjustment,
PRED0000013,2026-08-12T11:01:57,U000013,PLAN000013,EX0004,Keep,0.9989,Dislike,0.9992,Safe,0.9975,Keep,Safe,0.0,Replace Exercise,False,,preference_dislike_adjustment,
PRED0000014,2026-08-12T11:01:57,U000014,PLAN000014,EX0004,Keep,0.9999,Dislike,0.7074,Safe,0.9987,Keep,Safe,0.0,Replace Exercise,False,,preference_dislike_adjustment,
PRED0000015,2026-08-12T11:01:57,U000015,PLAN000015,EX0026,Keep,1.0,Dislike,0.6774,Safe,0.999,Keep,Safe,0.0,Replace Exercise,False,,preference_dislike_adjustment,
PRED0000016,2026-08-12T11:01:57,U000016,PLAN000016,EX0004,Reduce Difficulty,1.0,Dislike,0.7093,Safe,0.9984,Reduce Difficulty,Safe,0.0,Reduce Difficulty,False,,ml_and_rule_agree,
PRED0000017,2026-08-12T11:01:57,U000017,PLAN000017,EX0067,Reduce Difficulty,0.9994,Like,0.5447,Safe,0.999,Reduce Difficulty,Safe,0.0,Reduce Difficulty,False,,ml_and_rule_agree,
PRED0000018,2026-08-12T11:01:57,U000018,PLAN000018,EX0004,Reduce Difficulty,0.9999,Dislike,0.7006,Safe,0.9997,Reduce Difficulty,Safe,0.0,Reduce Difficulty,False,,ml_and_rule_agree,
PRED0000019,2026-08-12T11:01:57,U000019,PLAN000019,EX0004,Keep,1.0,Dislike,0.7639,Safe,0.9996,Keep,Safe,0.0,Replace Exercise,False,,preference_dislike_adjustment,
PRED0000020,2026-08-12T11:01:57,U000020,PLAN000020,EX0004,Reduce Difficulty,1.0,Like,0.9969,Safe,0.9937,Reduce Difficulty,Safe,0.0,Reduce Difficulty,False,,ml_and_rule_agree,
PRED0000021,2026-08-12T11:01:57,U000021,PLAN000021,EX0004,Keep,1.0,Like,0.9969,Safe,0.9983,Keep,Safe,0.0,Keep,False,,ml_and_rule_agree,
PRED0000022,2026-08-12T11:01:57,U000022,PLAN000022,EX0004,Keep,1.0,Like,0.6487,Safe,0.997,Keep,Safe,0.0,Keep,False,,ml_and_rule_agree,
PRED0000023,2026-08-12T11:01:57,U000023,PLAN000023,EX0201,Keep,0.9996,Neutral,0.7379,Safe,0.9986,Keep,Safe,0.0,Keep,False,,ml_and_rule_agree,
PRED0000024,2026-08-12T11:01:58,U000024,PLAN000024,EX0004,Keep,0.9999,Neutral,0.9224,Safe,0.9938,Keep,Safe,0.0,Keep,False,,ml_and_rule_agree,
PRED0000025,2026-08-12T11:01:58,U000025,PLAN000025,EX0281,Reduce Difficulty,1.0,Dislike,0.556,Safe,0.9975,Reduce Difficulty,Safe,0.0,Reduce Difficulty,False,,ml_and_rule_agree,
PRED0000026,2026-08-12T11:01:58,U000026,PLAN000026,EX0004,Keep,0.9998,Dislike,0.9994,Safe,0.9988,Keep,Safe,0.0,Replace Exercise,False,,preference_dislike_adjustment,
PRED0000027,2026-08-12T11:01:58,U000027,PLAN000027,EX0004,Keep,0.9999,Neutral,0.585,Safe,0.9991,Keep,Safe,0.0,Keep,False,,ml_and_rule_agree,
PRED0000028,2026-08-12T11:01:58,U000028,PLAN000028,EX0160,Reduce Difficulty,1.0,Dislike,0.6586,Safe,0.999,Reduce Difficulty,Safe,0.0,Reduce Difficulty,False,,ml_and_rule_agree,
PRED0000029,2026-08-12T11:01:58,U000029,PLAN000029,EX0026,Reduce Difficulty,1.0,Neutral,0.6023,Safe,0.9995,Reduce Difficulty,Safe,0.0,Reduce Difficulty,False,,ml_and_rule_agree,
PRED0000030,2026-08-12T11:01:58,U000030,PLAN000030,EX0227,Keep,0.9996,Like,0.9976,Safe,0.9998,Keep,Safe,0.0,Keep,False,,ml_and_rule_agree,
PRED0000031,2026-08-12T11:01:58,U000031,PLAN000031,EX0004,Reduce Difficulty,1.0,Dislike,0.5149,Safe,0.9922,Reduce Difficulty,Safe,0.0,Reduce Difficulty,False,,ml_and_rule_agree,
PRED0000032,2026-08-12T11:01:58,U000032,PLAN000032,EX0227,Reduce Difficulty,1.0,Dislike,0.5065,Safe,0.9936,Reduce Difficulty,Safe,0.0,Reduce Difficulty,False,,ml_and_rule_agree,
PRED0000033,2026-08-12T11:01:58,U000033,PLAN000033,EX0194,Reduce Difficulty,1.0,Dislike,0.6471,Monitor,0.9941,Reduce Difficulty,Monitor,0.25,Reduce Difficulty,False,,ml_and_rule_agree,
PRED0000034,2026-08-12T11:01:58,U000034,PLAN000034,EX0059,Keep,1.0,Like,0.9962,Safe,0.9996,Keep,Safe,0.0,Keep,False,,ml_and_rule_agree,
PRED0000035,2026-08-12T11:01:58,U000035,PLAN000035,EX0004,Reduce Difficulty,0.9996,Dislike,0.6759,Safe,0.9976,Reduce Difficulty,Safe,0.0,Reduce Difficulty,False,,ml_and_rule_agree,
PRED0000036,2026-08-12T11:01:58,U000036,PLAN000036,EX0032,Reduce Difficulty,0.9999,Like,0.8106,Safe,0.9976,Reduce Difficulty,Safe,0.0,Reduce Difficulty,False,,ml_and_rule_agree,
PRED0000037,2026-08-12T11:01:58,U000037,PLAN000037,EX0003,Reduce Difficulty,1.0,Dislike,0.746,Safe,0.9987,Reduce Difficulty,Safe,0.0,Reduce Difficulty,False,,ml_and_rule_agree,
PRED0000038,2026-08-12T11:01:58,U000038,PLAN000038,EX0004,Keep,0.9998,Neutral,0.6748,Safe,0.9989,Keep,Safe,0.0,Keep,False,,ml_and_rule_agree,
PRED0000039,2026-08-12T11:01:58,U000039,PLAN000039,EX0026,Reduce Difficulty,0.9998,Dislike,0.9994,Safe,0.9997,Reduce Difficulty,Safe,0.0,Reduce Difficulty,False,,ml_and_rule_agree,
PRED0000040,2026-08-12T11:01:58,U000040,PLAN000040,EX0080,Reduce Difficulty,1.0,Like,0.6318,Safe,0.997,Reduce Difficulty,Safe,0.0,Reduce Difficulty,False,,ml_and_rule_agree,
PRED0000041,2026-08-12T11:01:58,U000041,PLAN000041,EX0004,Keep,1.0,Dislike,0.7005,Safe,0.9983,Keep,Safe,0.0,Replace Exercise,False,,preference_dislike_adjustment,
PRED0000042,2026-08-12T11:01:58,U000042,PLAN000042,EX0003,Keep,1.0,Dislike,0.7778,Safe,0.9994,Keep,Safe,0.0,Replace Exercise,False,,preference_dislike_adjustment,
PRED0000043,2026-08-12T11:01:58,U000043,PLAN000043,EX0004,Reduce Difficulty,1.0,Neutral,0.8772,Safe,0.9991,Reduce Difficulty,Safe,0.0,Reduce Difficulty,False,,ml_and_rule_agree,
PRED0000044,2026-08-12T11:01:58,U000044,PLAN000044,EX0004,Reduce Difficulty,1.0,Dislike,0.9931,Monitor,0.9523,Reduce Difficulty,Monitor,0.25,Reduce Difficulty,False,,ml_and_rule_agree,
PRED0000045,2026-08-12T11:01:58,U000045,PLAN000045,EX0172,Keep,0.8297,Dislike,0.999,Review,0.9439,Review Safety,Review,0.55,Review Safety,False,,rule_safety_priority,
PRED0000046,2026-08-12T11:01:58,U000046,PLAN000046,EX0095,Keep,1.0,Dislike,0.6284,Safe,0.9934,Keep,Safe,0.0,Replace Exercise,False,,preference_dislike_adjustment,
PRED0000047,2026-08-12T11:01:58,U000047,PLAN000047,EX0004,Keep,0.9996,Dislike,0.6941,Safe,0.9994,Keep,Safe,0.0,Replace Exercise,False,,preference_dislike_adjustment,
PRED0000048,2026-08-12T11:01:58,U000048,PLAN000048,EX0004,Keep,1.0,Neutral,0.8492,Safe,0.9981,Keep,Safe,0.0,Keep,False,,ml_and_rule_agree,
PRED0000049,2026-08-12T11:01:58,U000049,PLAN000049,EX0004,Reduce Difficulty,0.9997,Like,0.6115,Safe,0.9972,Reduce Difficulty,Safe,0.0,Reduce Difficulty,False,,ml_and_rule_agree,
PRED0000050,2026-08-12T11:01:58,U000050,PLAN000050,EX0009,Keep,0.9998,Dislike,0.5468,Safe,0.9998,Keep,Safe,0.0,Keep,False,,ml_and_rule_agree,
PRED0000051,2026-08-12T11:01:58,U000051,PLAN000051,EX0004,Reduce Difficulty,1.0,Dislike,0.6911,Safe,0.9899,Reduce Difficulty,Safe,0.0,Reduce Difficulty,False,,ml_and_rule_agree,
PRED0000052,2026-08-12T11:01:58,U000052,PLAN000052,EX0004,Reduce Difficulty,1.0,Dislike,0.5781,Safe,0.9671,Reduce Difficulty,Safe,0.0,Reduce Difficulty,False,,ml_and_rule_agree,
PRED0000053,2026-08-12T11:01:59,U000053,PLAN000053,EX0004,Keep,0.9052,Dislike,0.5825,Safe,0.9933,Keep,Safe,0.0,Keep,False,,ml_and_rule_agree,
PRED0000054,2026-08-12T11:01:59,U000054,PLAN000054,EX0004,Reduce Difficulty,0.9995,Like,0.5473,Safe,0.9978,Reduce Difficulty,Safe,0.0,Reduce Difficulty,False,,ml_and_rule_agree,
PRED0000055,2026-08-12T11:01:59,U000055,PLAN000055,EX0037,Keep,0.9999,Like,0.665,Safe,0.998,Keep,Safe,0.0,Keep,False,,ml_and_rule_agree,
PRED0000056,2026-08-12T11:01:59,U000056,PLAN000056,EX0037,Reduce Difficulty,1.0,Dislike,0.7387,Safe,0.9962,Reduce Difficulty,Safe,0.0,Reduce Difficulty,False,,ml_and_rule_agree,
PRED0000057,2026-08-12T11:01:59,U000057,PLAN000057,EX0059,Reduce Difficulty,1.0,Dislike,0.7628,Safe,0.9988,Reduce Difficulty,Safe,0.0,Reduce Difficulty,False,,ml_and_rule_agree,
PRED0000058,2026-08-12T11:01:59,U000058,PLAN000058,EX0004,Reduce Difficulty,0.6442,Dislike,0.7208,Safe,0.9975,Keep,Safe,0.0,Reduce Difficulty,False,,ml_recommendation,
PRED0000059,2026-08-12T11:01:59,U000059,PLAN000059,EX0026,Keep,1.0,Dislike,0.6588,Safe,0.9987,Keep,Safe,0.0,Replace Exercise,False,,preference_dislike_adjustment,
PRED0000060,2026-08-12T11:01:59,U000060,PLAN000060,EX0004,Reduce Difficulty,0.9999,Neutral,0.8786,Safe,0.995,Reduce Difficulty,Safe,0.0,Reduce Difficulty,False,,ml_and_rule_agree,
PRED0000061,2026-08-12T11:01:59,U000061,PLAN000061,EX0242,Reduce Difficulty,0.9998,Neutral,0.5395,Safe,0.9961,Reduce Difficulty,Safe,0.0,Reduce Difficulty,False,,ml_and_rule_agree,
PRED0000062,2026-08-12T11:01:59,U000062,PLAN000062,EX0026,Keep,1.0,Dislike,0.706,Safe,0.9967,Keep,Safe,0.0,Replace Exercise,False,,preference_dislike_adjustment,
PRED0000063,2026-08-12T11:01:59,U000063,PLAN000063,EX0281,Reduce Difficulty,1.0,Dislike,0.7141,Safe,0.9914,Reduce Difficulty,Safe,0.0,Reduce Difficulty,False,,ml_and_rule_agree,
PRED0000064,2026-08-12T11:01:59,U000064,PLAN000064,EX0004,Reduce Difficulty,0.9983,Dislike,0.5762,Safe,0.9915,Reduce Difficulty,Safe,0.0,Reduce Difficulty,False,,ml_and_rule_agree,
PRED0000065,2026-08-12T11:01:59,U000065,PLAN000065,EX0004,Keep,0.9999,Dislike,0.7636,Safe,0.9987,Keep,Safe,0.0,Replace Exercise,False,,preference_dislike_adjustment,
PRED0000066,2026-08-12T11:01:59,U000066,PLAN000066,EX0004,Keep,1.0,Neutral,0.534,Safe,0.9982,Keep,Safe,0.0,Keep,False,,ml_and_rule_agree,
PRED0000067,2026-08-12T11:01:59,U000067,PLAN000067,EX0114,Reduce Difficulty,1.0,Dislike,0.6289,Safe,0.9365,Reduce Difficulty,Safe,0.0,Reduce Difficulty,False,,ml_and_rule_agree,
PRED0000068,2026-08-12T11:01:59,U000068,PLAN000068,EX0242,Keep,0.9999,Like,0.998,Safe,0.9982,Keep,Safe,0.0,Keep,False,,ml_and_rule_agree,
PRED0000069,2026-08-12T11:01:59,U000069,PLAN000069,EX0003,Reduce Difficulty,1.0,Like,0.7536,Safe,0.9918,Reduce Difficulty,Safe,0.0,Reduce Difficulty,False,,ml_and_rule_agree,
PRED0000070,2026-08-12T11:01:59,U000070,PLAN000070,EX0263,Reduce Difficulty,0.9998,Dislike,0.4699,Safe,0.9975,Reduce Difficulty,Safe,0.0,Reduce Difficulty,False,,ml_and_rule_agree,
PRED0000071,2026-08-12T11:01:59,U000071,PLAN000071,EX0026,Reduce Difficulty,0.9999,Dislike,0.5088,Safe,0.9995,Reduce Difficulty,Safe,0.0,Reduce Difficulty,False,,ml_and_rule_agree,
PRED0000072,2026-08-12T11:01:59,U000072,PLAN000072,EX0194,Reduce Difficulty,0.9944,Like,0.7905,Safe,0.9829,Reduce Difficulty,Safe,0.0,Reduce Difficulty,False,,ml_and_rule_agree,
PRED0000073,2026-08-12T11:01:59,U000073,PLAN000073,EX0004,Reduce Difficulty,0.9999,Dislike,0.9999,Safe,0.9992,Reduce Difficulty,Safe,0.0,Reduce Difficulty,False,,ml_and_rule_agree,
PRED0000074,2026-08-12T11:01:59,U000074,PLAN000074,EX0004,Keep,0.9998,Like,0.6976,Safe,0.9942,Keep,Safe,0.0,Keep,False,,ml_and_rule_agree,
PRED0000075,2026-08-12T11:01:59,U000075,PLAN000075,EX0004,Keep,1.0,Dislike,0.5205,Safe,0.9982,Keep,Safe,0.0,Keep,False,,ml_and_rule_agree,
PRED0000076,2026-08-12T11:01:59,U000076,PLAN000076,EX0004,Reduce Difficulty,0.9999,Like,0.8538,Safe,0.9942,Reduce Difficulty,Safe,0.0,Reduce Difficulty,False,,ml_and_rule_agree,
PRED0000077,2026-08-12T11:01:59,U000077,PLAN000077,EX0107,Reduce Difficulty,1.0,Like,0.9712,Safe,0.9963,Reduce Difficulty,Safe,0.0,Reduce Difficulty,False,,ml_and_rule_agree,
PRED0000078,2026-08-12T11:01:59,U000078,PLAN000078,EX0004,Keep,1.0,Dislike,0.6529,Safe,0.9982,Keep,Safe,0.0,Replace Exercise,False,,preference_dislike_adjustment,
PRED0000079,2026-08-12T11:01:59,U000079,PLAN000079,EX0190,Keep,0.9997,Neutral,0.5643,Safe,0.9998,Keep,Safe,0.0,Keep,False,,ml_and_rule_agree,
PRED0000080,2026-08-12T11:01:59,U000080,PLAN000080,EX0004,Keep,0.9999,Like,0.9986,Safe,0.9982,Keep,Safe,0.0,Keep,False,,ml_and_rule_agree,
PRED0000081,2026-08-12T11:01:59,U000081,PLAN000081,EX0100,Keep,0.9999,Dislike,0.576,Safe,0.9993,Keep,Safe,0.0,Keep,False,,ml_and_rule_agree,
PRED0000082,2026-08-12T11:01:59,U000082,PLAN000082,EX0270,Keep,1.0,Dislike,0.6045,Safe,0.9991,Keep,Safe,0.0,Replace Exercise,False,,preference_dislike_adjustment,
PRED0000083,2026-08-12T11:02:00,U000083,PLAN000083,EX0004,Keep,0.9996,Dislike,0.6234,Safe,0.9954,Keep,Safe,0.0,Replace Exercise,False,,preference_dislike_adjustment,
PRED0000084,2026-08-12T11:02:00,U000084,PLAN000084,EX0227,Keep,0.9931,Like,0.9705,Safe,0.996,Keep,Safe,0.0,Keep,False,,ml_and_rule_agree,
PRED0000085,2026-08-12T11:02:00,U000085,PLAN000085,EX0026,Keep,1.0,Dislike,0.6628,Safe,0.995,Keep,Safe,0.0,Replace Exercise,False,,preference_dislike_adjustment,
PRED0000086,2026-08-12T11:02:00,U000086,PLAN000086,EX0281,Keep,1.0,Dislike,0.7079,Safe,0.9988,Keep,Safe,0.0,Replace Exercise,False,,preference_dislike_adjustment,
PRED0000087,2026-08-12T11:02:00,U000087,PLAN000087,EX0260,Keep,1.0,Dislike,0.6466,Safe,0.9977,Keep,Safe,0.0,Replace Exercise,False,,preference_dislike_adjustment,
PRED0000088,2026-08-12T11:02:00,U000088,PLAN000088,EX0004,Reduce Difficulty,0.9995,Dislike,0.51,Safe,0.9906,Reduce Difficulty,Safe,0.0,Reduce Difficulty,False,,ml_and_rule_agree,
PRED0000089,2026-08-12T11:02:00,U000089,PLAN000089,EX0227,Reduce Difficulty,0.9999,Dislike,0.6308,Safe,0.998,Reduce Difficulty,Safe,0.0,Reduce Difficulty,False,,ml_and_rule_agree,
PRED0000090,2026-08-12T11:02:00,U000090,PLAN000090,EX0026,Keep,1.0,Neutral,0.5307,Safe,0.9996,Keep,Safe,0.0,Keep,False,,ml_and_rule_agree,
PRED0000091,2026-08-12T11:02:00,U000091,PLAN000091,EX0227,Keep,0.9999,Dislike,0.6485,Safe,0.9976,Keep,Safe,0.0,Replace Exercise,False,,preference_dislike_adjustment,
PRED0000092,2026-08-12T11:02:00,U000092,PLAN000092,EX0004,Keep,1.0,Neutral,0.5216,Safe,0.9983,Keep,Safe,0.0,Keep,False,,ml_and_rule_agree,
PRED0000093,2026-08-12T11:02:00,U000093,PLAN000093,EX0004,Keep,1.0,Like,0.9982,Safe,0.9989,Keep,Safe,0.0,Keep,False,,ml_and_rule_agree,
PRED0000094,2026-08-12T11:02:00,U000094,PLAN000094,EX0004,Keep,1.0,Like,0.8251,Safe,0.9988,Keep,Safe,0.0,Keep,False,,ml_and_rule_agree,
PRED0000095,2026-08-12T11:02:00,U000095,PLAN000095,EX0243,Keep,1.0,Dislike,0.6553,Safe,0.9987,Keep,Safe,0.0,Replace Exercise,False,,preference_dislike_adjustment,
PRED0000096,2026-08-12T11:02:00,U000096,PLAN000096,EX0242,Reduce Difficulty,1.0,Dislike,0.5207,Safe,0.9965,Reduce Difficulty,Safe,0.0,Reduce Difficulty,False,,ml_and_rule_agree,
PRED0000097,2026-08-12T11:02:00,U000097,PLAN000097,EX0004,Reduce Difficulty,0.9999,Dislike,0.7183,Safe,0.9985,Reduce Difficulty,Safe,0.0,Reduce Difficulty,False,,ml_and_rule_agree,
PRED0000098,2026-08-12T11:02:00,U000098,PLAN000098,EX0242,Keep,0.9999,Dislike,0.529,Safe,0.9972,Keep,Safe,0.0,Keep,False,,ml_and_rule_agree,
PRED0000099,2026-08-12T11:02:00,U000099,PLAN000099,EX0270,Reduce Difficulty,0.9989,Dislike,0.6711,Safe,0.9971,Reduce Difficulty,Safe,0.0,Reduce Difficulty,False,,ml_and_rule_agree,
PRED0000100,2026-08-12T11:02:00,U000100,PLAN000100,EX0242,Reduce Difficulty,1.0,Dislike,0.7179,Safe,0.9978,Reduce Difficulty,Safe,0.0,Reduce Difficulty,False,,ml_and_rule_agree,
PRED0000101,2026-08-12T11:02:00,U000101,PLAN000101,EX0004,Reduce Difficulty,1.0,Neutral,0.5317,Safe,0.9991,Reduce Difficulty,Safe,0.0,Reduce Difficulty,False,,ml_and_rule_agree,
PRED0000102,2026-08-12T11:02:00,U000102,PLAN000102,EX0004,Keep,0.999,Neutral,0.6779,Safe,0.9995,Keep,Safe,0.0,Keep,False,,ml_and_rule_agree,
PRED0000103,2026-08-12T11:02:00,U000103,PLAN000103,EX0179,Reduce Difficulty,0.9999,Dislike,0.6097,Safe,0.9997,Reduce Difficulty,Safe,0.0,Reduce Difficulty,False,,ml_and_rule_agree,
PRED0000104,2026-08-12T11:02:00,U000104,PLAN000104,EX0194,Keep,1.0,Like,0.7827,Safe,0.9992,Keep,Safe,0.0,Keep,False,,ml_and_rule_agree,
PRED0000105,2026-08-12T11:02:00,U000105,PLAN000105,EX0004,Reduce Difficulty,0.9999,Dislike,0.7458,Safe,0.9986,Reduce Difficulty,Safe,0.0,Reduce Difficulty,False,,ml_and_rule_agree,
PRED0000106,2026-08-12T11:02:00,U000106,PLAN000106,EX0095,Reduce Difficulty,0.9999,Dislike,0.7067,Safe,0.9851,Reduce Difficulty,Safe,0.0,Reduce Difficulty,False,,ml_and_rule_agree,
PRED0000107,2026-08-12T11:02:00,U000107,PLAN000107,EX0263,Review Safety,0.9995,Dislike,0.4334,Review,0.998,Review Safety,Review,0.55,Review Safety,False,,rule_safety_priority,
PRED0000108,2026-08-12T11:02:00,U000108,PLAN000108,EX0340,Reduce Difficulty,0.9965,Like,0.9449,Safe,0.9994,Reduce Difficulty,Safe,0.0,Reduce Difficulty,False,,ml_and_rule_agree,
PRED0000109,2026-08-12T11:02:00,U000109,PLAN000109,EX0004,Reduce Difficulty,0.9998,Dislike,0.762,Safe,0.9995,Reduce Difficulty,Safe,0.0,Reduce Difficulty,False,,ml_and_rule_agree,
PRED0000110,2026-08-12T11:02:00,U000110,PLAN000110,EX0277,Keep,1.0,Dislike,0.6791,Safe,0.9992,Keep,Safe,0.0,Replace Exercise,False,,preference_dislike_adjustment,
PRED0000111,2026-08-12T11:02:00,U000111,PLAN000111,EX0141,Keep,1.0,Like,0.6179,Safe,0.9995,Keep,Safe,0.0,Keep,False,,ml_and_rule_agree,
PRED0000112,2026-08-12T11:02:01,U000112,PLAN000112,EX0004,Keep,0.9997,Dislike,0.5486,Safe,0.9956,Keep,Safe,0.0,Keep,False,,ml_and_rule_agree,
PRED0000113,2026-08-12T11:02:01,U000113,PLAN000113,EX0026,Reduce Difficulty,0.9959,Like,0.7864,Safe,0.9978,Reduce Difficulty,Safe,0.0,Reduce Difficulty,False,,ml_and_rule_agree,
PRED0000114,2026-08-12T11:02:01,U000114,PLAN000114,EX0223,Keep,1.0,Dislike,0.6985,Safe,0.9977,Keep,Safe,0.0,Replace Exercise,False,,preference_dislike_adjustment,
PRED0000115,2026-08-12T11:02:01,U000115,PLAN000115,EX0281,Reduce Difficulty,0.9972,Neutral,0.5455,Safe,0.9979,Reduce Difficulty,Safe,0.0,Reduce Difficulty,False,,ml_and_rule_agree,
PRED0000116,2026-08-12T11:02:01,U000116,PLAN000116,EX0180,Keep,1.0,Dislike,0.6066,Safe,0.9998,Keep,Safe,0.0,Replace Exercise,False,,preference_dislike_adjustment,
PRED0000117,2026-08-12T11:02:01,U000117,PLAN000117,EX0180,Reduce Difficulty,0.9999,Dislike,0.6346,Safe,0.9996,Reduce Difficulty,Safe,0.0,Reduce Difficulty,False,,ml_and_rule_agree,
PRED0000118,2026-08-12T11:02:01,U000118,PLAN000118,EX0004,Reduce Difficulty,1.0,Neutral,0.5854,Safe,0.9955,Reduce Difficulty,Safe,0.0,Reduce Difficulty,False,,ml_and_rule_agree,
PRED0000119,2026-08-12T11:02:01,U000119,PLAN000119,EX0106,Keep,1.0,Neutral,0.691,Safe,0.9989,Keep,Safe,0.0,Keep,False,,ml_and_rule_agree,
PRED0000120,2026-08-12T11:02:01,U000120,PLAN000120,EX0196,Reduce Difficulty,0.9997,Like,0.7245,Safe,0.9995,Reduce Difficulty,Safe,0.0,Reduce Difficulty,False,,ml_and_rule_agree,
PRED0000121,2026-08-12T11:02:01,U000121,PLAN000121,EX0004,Reduce Difficulty,1.0,Dislike,0.7493,Safe,0.9905,Reduce Difficulty,Safe,0.0,Reduce Difficulty,False,,ml_and_rule_agree,
PRED0000122,2026-08-12T11:02:01,U000122,PLAN000122,EX0004,Review Safety,0.9995,Dislike,0.5333,Review,0.9965,Review Safety,Review,0.55,Review Safety,False,,rule_safety_priority,
PRED0000123,2026-08-12T11:02:01,U000123,PLAN000123,EX0095,Keep,1.0,Dislike,0.7417,Safe,0.9973,Keep,Safe,0.0,Replace Exercise,False,,preference_dislike_adjustment,
PRED0000124,2026-08-12T11:02:01,U000124,PLAN000124,EX0004,Reduce Difficulty,1.0,Like,0.7179,Safe,0.9912,Reduce Difficulty,Safe,0.0,Reduce Difficulty,False,,ml_and_rule_agree,
PRED0000125,2026-08-12T11:02:01,U000125,PLAN000125,EX0194,Reduce Difficulty,1.0,Like,0.9981,Monitor,0.9999,Reduce Difficulty,Monitor,0.35,Reduce Difficulty,False,,ml_and_rule_agree,
PRED0000126,2026-08-12T11:02:01,U000126,PLAN000126,EX0004,Reduce Difficulty,1.0,Dislike,0.6685,Safe,0.9943,Reduce Difficulty,Safe,0.0,Reduce Difficulty,False,,ml_and_rule_agree,
PRED0000127,2026-08-12T11:02:01,U000127,PLAN000127,EX0004,Reduce Difficulty,0.9851,Dislike,0.7677,Safe,0.9997,Reduce Difficulty,Safe,0.0,Reduce Difficulty,False,,ml_and_rule_agree,
PRED0000128,2026-08-12T11:02:01,U000128,PLAN000128,EX0004,Keep,1.0,Like,0.8473,Safe,0.9973,Keep,Safe,0.0,Keep,False,,ml_and_rule_agree,
PRED0000129,2026-08-12T11:02:01,U000129,PLAN000129,EX0026,Keep,1.0,Dislike,0.7127,Safe,0.9998,Keep,Safe,0.0,Replace Exercise,False,,preference_dislike_adjustment,
PRED0000130,2026-08-12T11:02:01,U000130,PLAN000130,EX0227,Reduce Difficulty,0.9998,Dislike,0.6473,Safe,0.9999,Reduce Difficulty,Safe,0.0,Reduce Difficulty,False,,ml_and_rule_agree,
PRED0000131,2026-08-12T11:02:01,U000131,PLAN000131,EX0160,Reduce Difficulty,0.9999,Neutral,0.9231,Safe,0.9996,Reduce Difficulty,Safe,0.0,Reduce Difficulty,False,,ml_and_rule_agree,
PRED0000132,2026-08-12T11:02:01,U000132,PLAN000132,EX0004,Reduce Difficulty,1.0,Neutral,0.9451,Safe,0.9873,Reduce Difficulty,Safe,0.0,Reduce Difficulty,False,,ml_and_rule_agree,
PRED0000133,2026-08-12T11:02:01,U000133,PLAN000133,EX0026,Keep,1.0,Neutral,0.6198,Safe,0.9997,Keep,Safe,0.0,Keep,False,,ml_and_rule_agree,
PRED0000134,2026-08-12T11:02:01,U000134,PLAN000134,EX0004,Keep,1.0,Neutral,0.7212,Safe,0.9989,Keep,Safe,0.0,Keep,False,,ml_and_rule_agree,
PRED0000135,2026-08-12T11:02:01,U000135,PLAN000135,EX0180,Reduce Difficulty,0.9999,Dislike,0.5907,Safe,0.9999,Reduce Difficulty,Safe,0.0,Reduce Difficulty,False,,ml_and_rule_agree,
PRED0000136,2026-08-12T11:02:01,U000136,PLAN000136,EX0277,Keep,1.0,Dislike,0.7746,Safe,0.9997,Keep,Safe,0.0,Replace Exercise,False,,preference_dislike_adjustment,
PRED0000137,2026-08-12T11:02:01,U000137,PLAN000137,EX0004,Keep,0.9896,Dislike,0.7178,Safe,0.9948,Keep,Safe,0.0,Replace Exercise,False,,preference_dislike_adjustment,
PRED0000138,2026-08-12T11:02:01,U000138,PLAN000138,EX0004,Reduce Difficulty,1.0,Neutral,0.9508,Safe,0.9989,Reduce Difficulty,Safe,0.0,Reduce Difficulty,False,,ml_and_rule_agree,
PRED0000139,2026-08-12T11:02:01,U000139,PLAN000139,EX0004,Keep,0.9998,Dislike,0.7835,Safe,0.9988,Keep,Safe,0.0,Replace Exercise,False,,preference_dislike_adjustment,
PRED0000140,2026-08-12T11:02:02,U000140,PLAN000140,EX0026,Keep,1.0,Neutral,0.6859,Safe,0.9989,Keep,Safe,0.0,Keep,False,,ml_and_rule_agree,
PRED0000141,2026-08-12T11:02:02,U000141,PLAN000141,EX0061,Reduce Difficulty,0.9898,Like,0.9992,Safe,0.9994,Reduce Difficulty,Safe,0.0,Reduce Difficulty,False,,ml_and_rule_agree,
PRED0000142,2026-08-12T11:02:02,U000142,PLAN000142,EX0179,Keep,0.9999,Neutral,0.7151,Safe,0.997,Keep,Safe,0.0,Keep,False,,ml_and_rule_agree,
PRED0000143,2026-08-12T11:02:02,U000143,PLAN000143,EX0004,Keep,1.0,Neutral,0.9442,Safe,0.9988,Keep,Safe,0.0,Keep,False,,ml_and_rule_agree,
PRED0000144,2026-08-12T11:02:02,U000144,PLAN000144,EX0011,Keep,0.9999,Like,0.7465,Safe,0.9955,Keep,Safe,0.0,Keep,False,,ml_and_rule_agree,
PRED0000145,2026-08-12T11:02:02,U000145,PLAN000145,EX0004,Reduce Difficulty,1.0,Dislike,0.5739,Safe,0.9989,Reduce Difficulty,Safe,0.0,Reduce Difficulty,False,,ml_and_rule_agree,
PRED0000146,2026-08-12T11:02:02,U000146,PLAN000146,EX0260,Keep,1.0,Neutral,0.6144,Safe,0.9985,Keep,Safe,0.0,Keep,False,,ml_and_rule_agree,
PRED0000147,2026-08-12T11:02:02,U000147,PLAN000147,EX0037,Keep,0.9999,Like,0.968,Safe,0.9996,Keep,Safe,0.0,Keep,False,,ml_and_rule_agree,
PRED0000148,2026-08-12T11:02:02,U000148,PLAN000148,EX0224,Review Safety,0.9996,Dislike,0.4745,Review,0.9965,Review Safety,Review,0.55,Review Safety,False,,rule_safety_priority,
PRED0000149,2026-08-12T11:02:02,U000149,PLAN000149,EX0004,Reduce Difficulty,0.9997,Dislike,0.6903,Safe,0.9992,Reduce Difficulty,Safe,0.0,Reduce Difficulty,False,,ml_and_rule_agree,
PRED0000150,2026-08-12T11:02:02,U000150,PLAN000150,EX0004,Keep,1.0,Like,0.9969,Safe,0.9986,Keep,Safe,0.0,Keep,False,,ml_and_rule_agree,
PRED0000151,2026-08-12T11:02:02,U000151,PLAN000151,EX0004,Keep,0.9999,Dislike,0.7174,Safe,0.999,Keep,Safe,0.0,Replace Exercise,False,,preference_dislike_adjustment,
PRED0000152,2026-08-12T11:02:02,U000152,PLAN000152,EX0242,Review Safety,0.9998,Like,0.9984,Safe,0.9969,Review Safety,Safe,0.0,Review Safety,False,,ml_and_rule_agree,
PRED0000153,2026-08-12T11:02:02,U000153,PLAN000153,EX0004,Reduce Difficulty,1.0,Like,0.6184,Safe,0.9986,Reduce Difficulty,Safe,0.0,Reduce Difficulty,False,,ml_and_rule_agree,
PRED0000154,2026-08-12T11:02:02,U000154,PLAN000154,EX0194,Keep,0.9999,Dislike,0.7059,Monitor,0.9998,Keep,Monitor,0.35,Replace Exercise,False,,preference_dislike_adjustment,
PRED0000155,2026-08-12T11:02:02,U000155,PLAN000155,EX0102,Keep,1.0,Dislike,0.6162,Safe,0.9998,Keep,Safe,0.0,Replace Exercise,False,,preference_dislike_adjustment,
PRED0000156,2026-08-12T11:02:02,U000156,PLAN000156,EX0004,Reduce Difficulty,1.0,Like,0.9975,Safe,0.999,Reduce Difficulty,Safe,0.0,Reduce Difficulty,False,,ml_and_rule_agree,
PRED0000157,2026-08-12T11:02:02,U000157,PLAN000157,EX0062,Reduce Difficulty,1.0,Dislike,0.5977,Safe,0.9995,Reduce Difficulty,Safe,0.0,Reduce Difficulty,False,,ml_and_rule_agree,
PRED0000158,2026-08-12T11:02:02,U000158,PLAN000158,EX0004,Review Safety,0.9998,Like,0.9972,Safe,0.9993,Review Safety,Safe,0.0,Review Safety,False,,ml_and_rule_agree,
PRED0000159,2026-08-12T11:02:02,U000159,PLAN000159,EX0009,Keep,0.9998,Neutral,0.5975,Safe,0.9999,Keep,Safe,0.0,Keep,False,,ml_and_rule_agree,
PRED0000160,2026-08-12T11:02:02,U000160,PLAN000160,EX0004,Keep,0.9999,Like,0.9476,Safe,0.9966,Keep,Safe,0.0,Keep,False,,ml_and_rule_agree,
PRED0000161,2026-08-12T11:02:02,U000161,PLAN000161,EX0026,Reduce Difficulty,0.9999,Dislike,0.7868,Safe,0.9999,Reduce Difficulty,Safe,0.0,Reduce Difficulty,False,,ml_and_rule_agree,
PRED0000162,2026-08-12T11:02:02,U000162,PLAN000162,EX0141,Keep,1.0,Dislike,0.762,Safe,0.9999,Keep,Safe,0.0,Replace Exercise,False,,preference_dislike_adjustment,
PRED0000163,2026-08-12T11:02:02,U000163,PLAN000163,EX0004,Keep,1.0,Neutral,0.567,Safe,0.9993,Keep,Safe,0.0,Keep,False,,ml_and_rule_agree,
PRED0000164,2026-08-12T11:02:02,U000164,PLAN000164,EX0004,Reduce Difficulty,0.9999,Dislike,0.7005,Safe,0.9986,Reduce Difficulty,Safe,0.0,Reduce Difficulty,False,,ml_and_rule_agree,
PRED0000165,2026-08-12T11:02:02,U000165,PLAN000165,EX0004,Reduce Difficulty,0.9999,Dislike,0.7075,Safe,0.9988,Reduce Difficulty,Safe,0.0,Reduce Difficulty,False,,ml_and_rule_agree,
PRED0000166,2026-08-12T11:02:02,U000166,PLAN000166,EX0340,Reduce Difficulty,0.9999,Dislike,0.6537,Safe,0.9997,Reduce Difficulty,Safe,0.0,Reduce Difficulty,False,,ml_and_rule_agree,
PRED0000167,2026-08-12T11:02:02,U000167,PLAN000167,EX0004,Keep,1.0,Dislike,0.7764,Safe,0.9993,Keep,Safe,0.0,Replace Exercise,False,,preference_dislike_adjustment,
PRED0000168,2026-08-12T11:02:02,U000168,PLAN000168,EX0004,Reduce Difficulty,1.0,Like,0.7594,Safe,0.9989,Reduce Difficulty,Safe,0.0,Reduce Difficulty,False,,ml_and_rule_agree,
PRED0000169,2026-08-12T11:02:02,U000169,PLAN000169,EX0004,Reduce Difficulty,1.0,Dislike,0.6974,Safe,0.9909,Reduce Difficulty,Safe,0.0,Reduce Difficulty,False,,ml_and_rule_agree,
PRED0000170,2026-08-12T11:02:02,U000170,PLAN000170,EX0004,Keep,1.0,Dislike,0.6938,Safe,0.9985,Keep,Safe,0.0,Replace Exercise,False,,preference_dislike_adjustment,
PRED0000171,2026-08-12T11:02:03,U000171,PLAN000171,EX0004,Reduce Difficulty,0.9999,Dislike,0.7209,Safe,0.9986,Reduce Difficulty,Safe,0.0,Reduce Difficulty,False,,ml_and_rule_agree,
PRED0000172,2026-08-12T11:02:03,U000172,PLAN000172,EX0004,Reduce Difficulty,0.9999,Dislike,0.7073,Safe,0.998,Reduce Difficulty,Safe,0.0,Reduce Difficulty,False,,ml_and_rule_agree,
PRED0000173,2026-08-12T11:02:03,U000173,PLAN000173,EX0004,Reduce Difficulty,0.9999,Dislike,0.7044,Safe,0.9954,Reduce Difficulty,Safe,0.0,Reduce Difficulty,False,,ml_and_rule_agree,
PRED0000174,2026-08-12T11:02:03,U000174,PLAN000174,EX0061,Reduce Difficulty,1.0,Neutral,0.5227,Safe,0.9997,Reduce Difficulty,Safe,0.0,Reduce Difficulty,False,,ml_and_rule_agree,
PRED0000175,2026-08-12T11:02:03,U000175,PLAN000175,EX0095,Reduce Difficulty,0.9905,Neutral,0.744,Safe,0.9973,Reduce Difficulty,Safe,0.0,Reduce Difficulty,False,,ml_and_rule_agree,
PRED0000176,2026-08-12T11:02:03,U000176,PLAN000176,EX0004,Keep,1.0,Like,0.998,Safe,0.9985,Keep,Safe,0.0,Keep,False,,ml_and_rule_agree,
PRED0000177,2026-08-12T11:02:03,U000177,PLAN000177,EX0004,Reduce Difficulty,0.9843,Dislike,0.7322,Safe,0.9979,Review Safety,Safe,0.0,Reduce Difficulty,False,,ml_recommendation,
PRED0000178,2026-08-12T11:02:03,U000178,PLAN000178,EX0004,Reduce Difficulty,1.0,Dislike,0.648,Safe,0.9873,Reduce Difficulty,Safe,0.0,Reduce Difficulty,False,,ml_and_rule_agree,
PRED0000179,2026-08-12T11:02:03,U000179,PLAN000179,EX0046,Reduce Difficulty,0.9999,Like,0.9267,Safe,0.9998,Reduce Difficulty,Safe,0.0,Reduce Difficulty,False,,ml_and_rule_agree,
PRED0000180,2026-08-12T11:02:03,U000180,PLAN000180,EX0004,Reduce Difficulty,0.9999,Dislike,0.6944,Safe,0.9979,Reduce Difficulty,Safe,0.0,Reduce Difficulty,False,,ml_and_rule_agree,
PRED0000181,2026-08-12T11:02:03,U000181,PLAN000181,EX0004,Keep,0.9999,Dislike,0.7054,Safe,0.9984,Keep,Safe,0.0,Replace Exercise,False,,preference_dislike_adjustment,
PRED0000182,2026-08-12T11:02:03,U000182,PLAN000182,EX0026,Reduce Difficulty,1.0,Dislike,0.6762,Safe,0.9984,Reduce Difficulty,Safe,0.0,Reduce Difficulty,False,,ml_and_rule_agree,
PRED0000183,2026-08-12T11:02:03,U000183,PLAN000183,EX0004,Reduce Difficulty,1.0,Dislike,0.5484,Safe,0.9989,Reduce Difficulty,Safe,0.0,Reduce Difficulty,False,,ml_and_rule_agree,
PRED0000184,2026-08-12T11:02:03,U000184,PLAN000184,EX0227,Reduce Difficulty,0.7169,Like,0.719,Safe,0.9988,Reduce Difficulty,Safe,0.0,Reduce Difficulty,False,,ml_and_rule_agree,
PRED0000185,2026-08-12T11:02:03,U000185,PLAN000185,EX0004,Reduce Difficulty,1.0,Dislike,0.5029,Safe,0.996,Reduce Difficulty,Safe,0.0,Reduce Difficulty,False,,ml_and_rule_agree,
PRED0000186,2026-08-12T11:02:03,U000186,PLAN000186,EX0277,Reduce Difficulty,0.9976,Like,0.7565,Safe,0.9996,Reduce Difficulty,Safe,0.0,Reduce Difficulty,False,,ml_and_rule_agree,
PRED0000187,2026-08-12T11:02:03,U000187,PLAN000187,EX0102,Keep,1.0,Like,0.9989,Safe,0.9997,Keep,Safe,0.0,Keep,False,,ml_and_rule_agree,
PRED0000188,2026-08-12T11:02:03,U000188,PLAN000188,EX0141,Keep,1.0,Dislike,0.6552,Safe,0.9994,Keep,Safe,0.0,Replace Exercise,False,,preference_dislike_adjustment,
PRED0000189,2026-08-12T11:02:03,U000189,PLAN000189,EX0227,Review Safety,0.9996,Dislike,0.4967,Review,0.9908,Review Safety,Review,0.55,Review Safety,False,,rule_safety_priority,
PRED0000190,2026-08-12T11:02:03,U000190,PLAN000190,EX0004,Reduce Difficulty,0.9996,Like,0.9264,Safe,0.9994,Reduce Difficulty,Safe,0.0,Reduce Difficulty,False,,ml_and_rule_agree,
PRED0000191,2026-08-12T11:02:03,U000191,PLAN000191,EX0004,Review Safety,0.9996,Dislike,0.6839,Safe,0.9987,Review Safety,Safe,0.0,Review Safety,False,,ml_and_rule_agree,
PRED0000192,2026-08-12T11:02:03,U000192,PLAN000192,EX0004,Review Safety,0.9995,Like,0.9973,Safe,0.9981,Review Safety,Safe,0.0,Review Safety,False,,ml_and_rule_agree,
PRED0000193,2026-08-12T11:02:03,U000193,PLAN000193,EX0242,Reduce Difficulty,1.0,Like,0.6949,Safe,0.9978,Reduce Difficulty,Safe,0.0,Reduce Difficulty,False,,ml_and_rule_agree,
PRED0000194,2026-08-12T11:02:03,U000194,PLAN000194,EX0277,Review Safety,0.9842,Dislike,0.6272,Safe,0.9985,Review Safety,Safe,0.0,Review Safety,False,,ml_and_rule_agree,
PRED0000195,2026-08-12T11:02:03,U000195,PLAN000195,EX0026,Reduce Difficulty,0.9998,Dislike,0.7284,Safe,0.9995,Reduce Difficulty,Safe,0.0,Reduce Difficulty,False,,ml_and_rule_agree,
PRED0000196,2026-08-12T11:02:03,U000196,PLAN000196,EX0026,Keep,1.0,Like,0.9984,Safe,0.9999,Keep,Safe,0.0,Keep,False,,ml_and_rule_agree,
PRED0000197,2026-08-12T11:02:03,U000197,PLAN000197,EX0004,Keep,1.0,Like,0.7742,Safe,0.9991,Keep,Safe,0.0,Keep,False,,ml_and_rule_agree,
PRED0000198,2026-08-12T11:02:03,U000198,PLAN000198,EX0004,Reduce Difficulty,0.9999,Neutral,0.6087,Safe,0.9987,Reduce Difficulty,Safe,0.0,Reduce Difficulty,False,,ml_and_rule_agree,
PRED0000199,2026-08-12T11:02:04,U000199,PLAN000199,EX0270,Keep,1.0,Dislike,0.7999,Safe,0.9998,Keep,Safe,0.0,Replace Exercise,False,,preference_dislike_adjustment,
PRED0000200,2026-08-12T11:02:04,U000200,PLAN000200,EX0004,Reduce Difficulty,0.9999,Dislike,0.6553,Safe,0.9928,Reduce Difficulty,Safe,0.0,Reduce Difficulty,False,,ml_and_rule_agree,
PRED0000201,2026-08-12T11:02:04,U000201,PLAN000201,EX0224,Reduce Difficulty,0.9999,Neutral,0.9727,Safe,0.9991,Reduce Difficulty,Safe,0.0,Reduce Difficulty,False,,ml_and_rule_agree,
PRED0000202,2026-08-12T11:02:04,U000202,PLAN000202,EX0003,Reduce Difficulty,1.0,Like,0.6375,Safe,0.9996,Reduce Difficulty,Safe,0.0,Reduce Difficulty,False,,ml_and_rule_agree,
PRED0000203,2026-08-12T11:02:04,U000203,PLAN000203,EX0270,Reduce Difficulty,0.86,Dislike,0.6061,Safe,0.9998,Reduce Difficulty,Safe,0.0,Reduce Difficulty,False,,ml_and_rule_agree,
PRED0000204,2026-08-12T11:02:04,U000204,PLAN000204,EX0155,Reduce Difficulty,0.9998,Like,0.9969,Safe,0.9933,Reduce Difficulty,Safe,0.0,Reduce Difficulty,False,,ml_and_rule_agree,
PRED0000205,2026-08-12T11:02:04,U000205,PLAN000205,EX0004,Reduce Difficulty,1.0,Dislike,0.6943,Safe,0.9996,Reduce Difficulty,Safe,0.0,Reduce Difficulty,False,,ml_and_rule_agree,
PRED0000206,2026-08-12T11:02:04,U000206,PLAN000206,EX0180,Reduce Difficulty,1.0,Like,0.9514,Safe,0.9997,Reduce Difficulty,Safe,0.0,Reduce Difficulty,False,,ml_and_rule_agree,
PRED0000207,2026-08-12T11:02:04,U000207,PLAN000207,EX0009,Reduce Difficulty,0.9999,Dislike,0.6397,Safe,0.9999,Reduce Difficulty,Safe,0.0,Reduce Difficulty,False,,ml_and_rule_agree,
PRED0000208,2026-08-12T11:02:04,U000208,PLAN000208,EX0026,Reduce Difficulty,1.0,Dislike,0.713,Safe,0.9991,Reduce Difficulty,Safe,0.0,Reduce Difficulty,False,,ml_and_rule_agree,
PRED0000209,2026-08-12T11:02:04,U000209,PLAN000209,EX0026,Reduce Difficulty,1.0,Dislike,0.6472,Safe,0.9989,Reduce Difficulty,Safe,0.0,Reduce Difficulty,False,,ml_and_rule_agree,
PRED0000210,2026-08-12T11:02:04,U000210,PLAN000210,EX0004,Reduce Difficulty,1.0,Neutral,0.955,Safe,0.9998,Reduce Difficulty,Safe,0.0,Reduce Difficulty,False,,ml_and_rule_agree,
PRED0000211,2026-08-12T11:02:04,U000211,PLAN000211,EX0219,Reduce Difficulty,1.0,Dislike,0.5248,Safe,0.9998,Reduce Difficulty,Safe,0.0,Reduce Difficulty,False,,ml_and_rule_agree,
PRED0000212,2026-08-12T11:02:04,U000212,PLAN000212,EX0004,Reduce Difficulty,1.0,Like,0.6991,Safe,0.9989,Reduce Difficulty,Safe,0.0,Reduce Difficulty,False,,ml_and_rule_agree,
PRED0000213,2026-08-12T11:02:04,U000213,PLAN000213,EX0026,Reduce Difficulty,1.0,Dislike,0.7428,Safe,0.999,Reduce Difficulty,Safe,0.0,Reduce Difficulty,False,,ml_and_rule_agree,
PRED0000214,2026-08-12T11:02:04,U000214,PLAN000214,EX0197,Reduce Difficulty,0.9999,Dislike,0.6349,Safe,0.9993,Reduce Difficulty,Safe,0.0,Reduce Difficulty,False,,ml_and_rule_agree,
PRED0000215,2026-08-12T11:02:04,U000215,PLAN000215,EX0052,Keep,0.9999,Dislike,0.6461,Safe,0.9979,Keep,Safe,0.0,Replace Exercise,False,,preference_dislike_adjustment,
PRED0000216,2026-08-12T11:02:04,U000216,PLAN000216,EX0004,Reduce Difficulty,0.9999,Neutral,0.6863,Safe,0.9992,Reduce Difficulty,Safe,0.0,Reduce Difficulty,False,,ml_and_rule_agree,
PRED0000217,2026-08-12T11:02:04,U000217,PLAN000217,EX0004,Keep,0.9992,Dislike,0.7584,Safe,0.999,Keep,Safe,0.0,Replace Exercise,False,,preference_dislike_adjustment,
PRED0000218,2026-08-12T11:02:04,U000218,PLAN000218,EX0227,Reduce Difficulty,1.0,Dislike,0.5467,Safe,0.9979,Reduce Difficulty,Safe,0.0,Reduce Difficulty,False,,ml_and_rule_agree,
PRED0000219,2026-08-12T11:02:04,U000219,PLAN000219,EX0004,Reduce Difficulty,0.9998,Like,0.9986,Safe,0.9959,Reduce Difficulty,Safe,0.0,Reduce Difficulty,False,,ml_and_rule_agree,
PRED0000220,2026-08-12T11:02:04,U000220,PLAN000220,EX0026,Keep,1.0,Like,0.9958,Safe,0.9998,Keep,Safe,0.0,Keep,False,,ml_and_rule_agree,
PRED0000221,2026-08-12T11:02:04,U000221,PLAN000221,EX0215,Reduce Difficulty,1.0,Dislike,0.7636,Safe,0.9986,Reduce Difficulty,Safe,0.0,Reduce Difficulty,False,,ml_and_rule_agree,
PRED0000222,2026-08-12T11:02:04,U000222,PLAN000222,EX0004,Reduce Difficulty,0.9999,Neutral,0.9445,Safe,0.9966,Reduce Difficulty,Safe,0.0,Reduce Difficulty,False,,ml_and_rule_agree,
PRED0000223,2026-08-12T11:02:04,U000223,PLAN000223,EX0180,Reduce Difficulty,0.9998,Dislike,0.4286,Safe,0.9992,Reduce Difficulty,Safe,0.0,Reduce Difficulty,False,,ml_and_rule_agree,
PRED0000224,2026-08-12T11:02:04,U000224,PLAN000224,EX0004,Reduce Difficulty,1.0,Dislike,0.6893,Safe,0.9993,Reduce Difficulty,Safe,0.0,Reduce Difficulty,False,,ml_and_rule_agree,
PRED0000225,2026-08-12T11:02:04,U000225,PLAN000225,EX0035,Reduce Difficulty,0.9999,Like,0.7641,Safe,0.9995,Reduce Difficulty,Safe,0.0,Reduce Difficulty,False,,ml_and_rule_agree,
PRED0000226,2026-08-12T11:02:04,U000226,PLAN000226,EX0004,Keep,1.0,Like,0.9984,Safe,0.998,Keep,Safe,0.0,Keep,False,,ml_and_rule_agree,
PRED0000227,2026-08-12T11:02:05,U000227,PLAN000227,EX0004,Reduce Difficulty,1.0,Neutral,0.5915,Safe,0.9996,Reduce Difficulty,Safe,0.0,Reduce Difficulty,False,,ml_and_rule_agree,
PRED0000228,2026-08-12T11:02:05,U000228,PLAN000228,EX0172,Keep,1.0,Dislike,0.706,Safe,0.9993,Keep,Safe,0.0,Replace Exercise,False,,preference_dislike_adjustment,
PRED0000229,2026-08-12T11:02:05,U000229,PLAN000229,EX0180,Keep,1.0,Dislike,0.6102,Safe,0.9999,Keep,Safe,0.0,Replace Exercise,False,,preference_dislike_adjustment,
PRED0000230,2026-08-12T11:02:05,U000230,PLAN000230,EX0004,Reduce Difficulty,1.0,Dislike,0.9999,Safe,0.9994,Reduce Difficulty,Safe,0.0,Reduce Difficulty,False,,ml_and_rule_agree,
PRED0000231,2026-08-12T11:02:05,U000231,PLAN000231,EX0004,Keep,1.0,Neutral,0.544,Safe,0.9996,Keep,Safe,0.0,Keep,False,,ml_and_rule_agree,
PRED0000232,2026-08-12T11:02:05,U000232,PLAN000232,EX0179,Keep,1.0,Dislike,0.5756,Safe,0.9984,Keep,Safe,0.0,Keep,False,,ml_and_rule_agree,
PRED0000233,2026-08-12T11:02:05,U000233,PLAN000233,EX0215,Reduce Difficulty,0.9726,Like,0.9345,Safe,0.9956,Reduce Difficulty,Safe,0.0,Reduce Difficulty,False,,ml_and_rule_agree,
PRED0000234,2026-08-12T11:02:05,U000234,PLAN000234,EX0004,Review Safety,0.9997,Like,0.7496,Safe,0.9961,Review Safety,Safe,0.0,Review Safety,False,,ml_and_rule_agree,
PRED0000235,2026-08-12T11:02:05,U000235,PLAN000235,EX0316,Keep,1.0,Dislike,0.7018,Safe,0.9984,Keep,Safe,0.0,Replace Exercise,False,,preference_dislike_adjustment,
PRED0000236,2026-08-12T11:02:05,U000236,PLAN000236,EX0004,Reduce Difficulty,0.9973,Dislike,0.7255,Safe,0.9725,Reduce Difficulty,Safe,0.0,Reduce Difficulty,False,,ml_and_rule_agree,
PRED0000237,2026-08-12T11:02:05,U000237,PLAN000237,EX0046,Keep,0.9972,Neutral,0.9555,Safe,0.9998,Keep,Safe,0.0,Keep,False,,ml_and_rule_agree,
PRED0000238,2026-08-12T11:02:05,U000238,PLAN000238,EX0004,Reduce Difficulty,0.9999,Dislike,0.7014,Safe,0.9926,Reduce Difficulty,Safe,0.0,Reduce Difficulty,False,,ml_and_rule_agree,
PRED0000239,2026-08-12T11:02:05,U000239,PLAN000239,EX0003,Review Safety,0.9997,Dislike,0.7071,Safe,0.999,Review Safety,Safe,0.0,Review Safety,False,,ml_and_rule_agree,
PRED0000240,2026-08-12T11:02:05,U000240,PLAN000240,EX0243,Reduce Difficulty,1.0,Dislike,0.7481,Safe,0.9997,Reduce Difficulty,Safe,0.0,Reduce Difficulty,False,,ml_and_rule_agree,
PRED0000241,2026-08-12T11:02:05,U000241,PLAN000241,EX0026,Keep,1.0,Neutral,0.5092,Safe,0.9998,Keep,Safe,0.0,Keep,False,,ml_and_rule_agree,
PRED0000242,2026-08-12T11:02:05,U000242,PLAN000242,EX0004,Keep,1.0,Dislike,0.7414,Safe,0.9998,Keep,Safe,0.0,Replace Exercise,False,,preference_dislike_adjustment,
PRED0000243,2026-08-12T11:02:05,U000243,PLAN000243,EX0026,Reduce Difficulty,0.9999,Dislike,0.8037,Safe,0.9997,Reduce Difficulty,Safe,0.0,Reduce Difficulty,False,,ml_and_rule_agree,
PRED0000244,2026-08-12T11:02:05,U000244,PLAN000244,EX0180,Reduce Difficulty,1.0,Dislike,0.5097,Safe,0.9998,Reduce Difficulty,Safe,0.0,Reduce Difficulty,False,,ml_and_rule_agree,
PRED0000245,2026-08-12T11:02:05,U000245,PLAN000245,EX0004,Reduce Difficulty,0.9999,Dislike,0.6987,Safe,0.9986,Reduce Difficulty,Safe,0.0,Reduce Difficulty,False,,ml_and_rule_agree,
PRED0000246,2026-08-12T11:02:05,U000246,PLAN000246,EX0026,Reduce Difficulty,1.0,Dislike,0.7819,Safe,0.9992,Reduce Difficulty,Safe,0.0,Reduce Difficulty,False,,ml_and_rule_agree,
PRED0000247,2026-08-12T11:02:05,U000247,PLAN000247,EX0176,Review Safety,0.9997,Dislike,0.5983,Safe,0.9997,Review Safety,Safe,0.0,Review Safety,False,,ml_and_rule_agree,
PRED0000248,2026-08-12T11:02:05,U000248,PLAN000248,EX0004,Keep,1.0,Like,0.9981,Safe,0.9981,Keep,Safe,0.0,Keep,False,,ml_and_rule_agree,
PRED0000249,2026-08-12T11:02:05,U000249,PLAN000249,EX0004,Review Safety,0.9997,Dislike,0.5623,Review,0.9939,Review Safety,Review,0.55,Review Safety,False,,rule_safety_priority,
PRED0000250,2026-08-12T11:02:05,U000250,PLAN000250,EX0227,Reduce Difficulty,0.9999,Dislike,0.5956,Safe,0.9997,Reduce Difficulty,Safe,0.0,Reduce Difficulty,False,,ml_and_rule_agree,
PRED0000251,2026-08-12T11:02:05,U000251,PLAN000251,EX0004,Reduce Difficulty,0.9999,Neutral,0.9516,Safe,0.9994,Reduce Difficulty,Safe,0.0,Reduce Difficulty,False,,ml_and_rule_agree,
PRED0000252,2026-08-12T11:02:05,U000252,PLAN000252,EX0026,Keep,0.9999,Like,0.7551,Safe,0.9983,Keep,Safe,0.0,Keep,False,,ml_and_rule_agree,
PRED0000253,2026-08-12T11:02:05,U000253,PLAN000253,EX0227,Reduce Difficulty,0.9999,Dislike,0.9998,Safe,0.9982,Reduce Difficulty,Safe,0.0,Reduce Difficulty,False,,ml_and_rule_agree,
PRED0000254,2026-08-12T11:02:05,U000254,PLAN000254,EX0003,Reduce Difficulty,0.9999,Dislike,0.8185,Safe,0.9998,Reduce Difficulty,Safe,0.0,Reduce Difficulty,False,,ml_and_rule_agree,
PRED0000255,2026-08-12T11:02:05,U000255,PLAN000255,EX0151,Keep,0.9999,Neutral,0.7985,Safe,0.9973,Keep,Safe,0.0,Keep,False,,ml_and_rule_agree,
PRED0000256,2026-08-12T11:02:06,U000256,PLAN000256,EX0026,Keep,0.9932,Like,0.9113,Safe,0.9998,Keep,Safe,0.0,Keep,False,,ml_and_rule_agree,
PRED0000257,2026-08-12T11:02:06,U000257,PLAN000257,EX0052,Keep,1.0,Like,0.6287,Safe,0.9997,Keep,Safe,0.0,Keep,False,,ml_and_rule_agree,
PRED0000258,2026-08-12T11:02:06,U000258,PLAN000258,EX0004,Reduce Difficulty,1.0,Like,0.949,Safe,0.9909,Reduce Difficulty,Safe,0.0,Reduce Difficulty,False,,ml_and_rule_agree,
PRED0000259,2026-08-12T11:02:06,U000259,PLAN000259,EX0026,Reduce Difficulty,0.9924,Dislike,0.8028,Safe,0.9997,Reduce Difficulty,Safe,0.0,Reduce Difficulty,False,,ml_and_rule_agree,
PRED0000260,2026-08-12T11:02:06,U000260,PLAN000260,EX0054,Keep,1.0,Dislike,0.6681,Safe,0.9919,Keep,Safe,0.0,Replace Exercise,False,,preference_dislike_adjustment,
PRED0000261,2026-08-12T11:02:06,U000261,PLAN000261,EX0026,Keep,1.0,Like,0.6258,Safe,0.9995,Keep,Safe,0.0,Keep,False,,ml_and_rule_agree,
PRED0000262,2026-08-12T11:02:06,U000262,PLAN000262,EX0154,Keep,1.0,Neutral,0.5012,Safe,0.999,Keep,Safe,0.0,Keep,False,,ml_and_rule_agree,
PRED0000263,2026-08-12T11:02:06,U000263,PLAN000263,EX0242,Keep,1.0,Dislike,0.6802,Safe,0.9998,Keep,Safe,0.0,Replace Exercise,False,,preference_dislike_adjustment,
PRED0000264,2026-08-12T11:02:06,U000264,PLAN000264,EX0215,Reduce Difficulty,0.9999,Neutral,0.6348,Safe,0.9989,Reduce Difficulty,Safe,0.0,Reduce Difficulty,False,,ml_and_rule_agree,
PRED0000265,2026-08-12T11:02:06,U000265,PLAN000265,EX0004,Reduce Difficulty,0.9999,Dislike,0.7389,Safe,0.9978,Reduce Difficulty,Safe,0.0,Reduce Difficulty,False,,ml_and_rule_agree,
PRED0000266,2026-08-12T11:02:06,U000266,PLAN000266,EX0179,Reduce Difficulty,0.9999,Neutral,0.9811,Safe,0.9991,Reduce Difficulty,Safe,0.0,Reduce Difficulty,False,,ml_and_rule_agree,
PRED0000267,2026-08-12T11:02:06,U000267,PLAN000267,EX0004,Keep,1.0,Like,0.6553,Safe,0.9998,Keep,Safe,0.0,Keep,False,,ml_and_rule_agree,
PRED0000268,2026-08-12T11:02:06,U000268,PLAN000268,EX0004,Reduce Difficulty,1.0,Dislike,0.7597,Safe,0.9986,Reduce Difficulty,Safe,0.0,Reduce Difficulty,False,,ml_and_rule_agree,
PRED0000269,2026-08-12T11:02:06,U000269,PLAN000269,EX0274,Keep,0.9999,Like,0.4504,Safe,0.9991,Keep,Safe,0.0,Keep,False,,ml_and_rule_agree,
PRED0000270,2026-08-12T11:02:06,U000270,PLAN000270,EX0026,Keep,1.0,Neutral,0.5129,Safe,0.9997,Keep,Safe,0.0,Keep,False,,ml_and_rule_agree,
PRED0000271,2026-08-12T11:02:06,U000271,PLAN000271,EX0004,Keep,1.0,Dislike,0.7889,Safe,0.9992,Keep,Safe,0.0,Replace Exercise,False,,preference_dislike_adjustment,
PRED0000272,2026-08-12T11:02:06,U000272,PLAN000272,EX0224,Keep,0.9999,Like,0.9802,Safe,0.9983,Keep,Safe,0.0,Keep,False,,ml_and_rule_agree,
PRED0000273,2026-08-12T11:02:06,U000273,PLAN000273,EX0026,Reduce Difficulty,0.9999,Dislike,0.7823,Safe,0.9994,Reduce Difficulty,Safe,0.0,Reduce Difficulty,False,,ml_and_rule_agree,
PRED0000274,2026-08-12T11:02:06,U000274,PLAN000274,EX0141,Reduce Difficulty,0.998,Dislike,0.5579,Safe,0.998,Reduce Difficulty,Safe,0.0,Reduce Difficulty,False,,ml_and_rule_agree,
PRED0000275,2026-08-12T11:02:06,U000275,PLAN000275,EX0046,Reduce Difficulty,0.9998,Dislike,0.5969,Safe,0.9974,Reduce Difficulty,Safe,0.0,Reduce Difficulty,False,,ml_and_rule_agree,
PRED0000276,2026-08-12T11:02:06,U000276,PLAN000276,EX0004,Keep,1.0,Like,0.7562,Safe,0.9972,Keep,Safe,0.0,Keep,False,,ml_and_rule_agree,
PRED0000277,2026-08-12T11:02:06,U000277,PLAN000277,EX0004,Reduce Difficulty,0.9999,Dislike,0.6588,Safe,0.9927,Reduce Difficulty,Safe,0.0,Reduce Difficulty,False,,ml_and_rule_agree,
PRED0000278,2026-08-12T11:02:06,U000278,PLAN000278,EX0155,Reduce Difficulty,0.9999,Dislike,0.5059,Safe,0.9981,Reduce Difficulty,Safe,0.0,Reduce Difficulty,False,,ml_and_rule_agree,
PRED0000279,2026-08-12T11:02:06,U000279,PLAN000279,EX0227,Reduce Difficulty,0.9998,Dislike,0.5272,Safe,0.9974,Reduce Difficulty,Safe,0.0,Reduce Difficulty,False,,ml_and_rule_agree,
PRED0000280,2026-08-12T11:02:06,U000280,PLAN000280,EX0180,Reduce Difficulty,0.9998,Dislike,0.5453,Safe,0.9997,Reduce Difficulty,Safe,0.0,Reduce Difficulty,False,,ml_and_rule_agree,
PRED0000281,2026-08-12T11:02:06,U000281,PLAN000281,EX0004,Reduce Difficulty,1.0,Dislike,0.5822,Safe,0.9985,Reduce Difficulty,Safe,0.0,Reduce Difficulty,False,,ml_and_rule_agree,
PRED0000282,2026-08-12T11:02:06,U000282,PLAN000282,EX0032,Keep,0.9999,Dislike,0.6786,Safe,0.9998,Keep,Safe,0.0,Replace Exercise,False,,preference_dislike_adjustment,
PRED0000283,2026-08-12T11:02:06,U000283,PLAN000283,EX0075,Reduce Difficulty,0.9997,Neutral,0.6479,Monitor,0.9962,Reduce Difficulty,Monitor,0.25,Reduce Difficulty,False,,ml_and_rule_agree,
PRED0000284,2026-08-12T11:02:07,U000284,PLAN000284,EX0026,Keep,1.0,Dislike,0.6584,Safe,0.9997,Keep,Safe,0.0,Replace Exercise,False,,preference_dislike_adjustment,
PRED0000285,2026-08-12T11:02:07,U000285,PLAN000285,EX0004,Reduce Difficulty,0.9999,Neutral,0.9706,Safe,0.9981,Reduce Difficulty,Safe,0.0,Reduce Difficulty,False,,ml_and_rule_agree,
PRED0000286,2026-08-12T11:02:07,U000286,PLAN000286,EX0004,Reduce Difficulty,1.0,Neutral,0.5515,Safe,0.9993,Reduce Difficulty,Safe,0.0,Reduce Difficulty,False,,ml_and_rule_agree,
PRED0000287,2026-08-12T11:02:07,U000287,PLAN000287,EX0026,Keep,1.0,Neutral,0.5081,Safe,0.9998,Keep,Safe,0.0,Keep,False,,ml_and_rule_agree,
PRED0000288,2026-08-12T11:02:07,U000288,PLAN000288,EX0138,Keep,0.9999,Dislike,0.6477,Safe,0.9968,Keep,Safe,0.0,Replace Exercise,False,,preference_dislike_adjustment,
PRED0000289,2026-08-12T11:02:07,U000289,PLAN000289,EX0319,Review Safety,0.9994,Dislike,0.6991,Review,1.0,Review Safety,Review,0.55,Review Safety,False,,rule_safety_priority,
PRED0000290,2026-08-12T11:02:07,U000290,PLAN000290,EX0179,Keep,0.9999,Dislike,0.5424,Safe,0.9997,Keep,Safe,0.0,Keep,False,,ml_and_rule_agree,
PRED0000291,2026-08-12T11:02:07,U000291,PLAN000291,EX0231,Keep,0.9948,Dislike,0.6457,Safe,0.9998,Keep,Safe,0.0,Replace Exercise,False,,preference_dislike_adjustment,
PRED0000292,2026-08-12T11:02:07,U000292,PLAN000292,EX0003,Keep,1.0,Like,0.6688,Safe,0.9999,Keep,Safe,0.0,Keep,False,,ml_and_rule_agree,
PRED0000293,2026-08-12T11:02:07,U000293,PLAN000293,EX0004,Reduce Difficulty,1.0,Dislike,0.7368,Safe,0.9965,Reduce Difficulty,Safe,0.0,Reduce Difficulty,False,,ml_and_rule_agree,
PRED0000294,2026-08-12T11:02:07,U000294,PLAN000294,EX0056,Reduce Difficulty,0.9999,Neutral,0.9357,Safe,0.9997,Reduce Difficulty,Safe,0.0,Reduce Difficulty,False,,ml_and_rule_agree,
PRED0000295,2026-08-12T11:02:07,U000295,PLAN000295,EX0215,Keep,1.0,Dislike,0.6604,Safe,0.9996,Keep,Safe,0.0,Replace Exercise,False,,preference_dislike_adjustment,
PRED0000296,2026-08-12T11:02:07,U000296,PLAN000296,EX0227,Keep,0.9996,Like,0.7821,Safe,0.9997,Keep,Safe,0.0,Keep,False,,ml_and_rule_agree,
PRED0000297,2026-08-12T11:02:07,U000297,PLAN000297,EX0075,Keep,1.0,Neutral,0.9793,Safe,0.9944,Keep,Safe,0.0,Keep,False,,ml_and_rule_agree,
PRED0000298,2026-08-12T11:02:07,U000298,PLAN000298,EX0231,Reduce Difficulty,1.0,Dislike,0.7741,Safe,0.9991,Reduce Difficulty,Safe,0.0,Reduce Difficulty,False,,ml_and_rule_agree,
PRED0000299,2026-08-12T11:02:07,U000299,PLAN000299,EX0004,Reduce Difficulty,0.9999,Neutral,0.534,Safe,0.9984,Reduce Difficulty,Safe,0.0,Reduce Difficulty,False,,ml_and_rule_agree,
PRED0000300,2026-08-12T11:02:07,U000300,PLAN000300,EX0004,Reduce Difficulty,1.0,Dislike,0.6727,Safe,0.98,Reduce Difficulty,Safe,0.0,Reduce Difficulty,False,,ml_and_rule_agree,
PRED0000301,2026-08-12T11:02:07,U000301,PLAN000301,EX0004,Keep,0.9998,Like,0.9967,Safe,0.9996,Keep,Safe,0.0,Keep,False,,ml_and_rule_agree,
PRED0000302,2026-08-12T11:02:07,U000302,PLAN000302,EX0009,Reduce Difficulty,0.9997,Like,0.6456,Safe,0.9992,Reduce Difficulty,Safe,0.0,Reduce Difficulty,False,,ml_and_rule_agree,
PRED0000303,2026-08-12T11:02:07,U000303,PLAN000303,EX0004,Review Safety,0.7669,Like,0.6337,Safe,0.9969,Reduce Difficulty,Safe,0.0,Review Safety,False,,ml_recommendation,
PRED0000304,2026-08-12T11:02:07,U000304,PLAN000304,EX0004,Reduce Difficulty,0.9999,Neutral,0.9294,Safe,0.9992,Reduce Difficulty,Safe,0.0,Reduce Difficulty,False,,ml_and_rule_agree,
PRED0000305,2026-08-12T11:02:07,U000305,PLAN000305,EX0003,Keep,0.9998,Like,0.5955,Safe,0.9998,Keep,Safe,0.0,Keep,False,,ml_and_rule_agree,
PRED0000306,2026-08-12T11:02:07,U000306,PLAN000306,EX0004,Keep,1.0,Like,0.537,Safe,0.9996,Keep,Safe,0.0,Keep,False,,ml_and_rule_agree,
PRED0000307,2026-08-12T11:02:07,U000307,PLAN000307,EX0227,Review Safety,0.9997,Neutral,0.8976,Safe,0.9989,Review Safety,Safe,0.0,Review Safety,False,,ml_and_rule_agree,
PRED0000308,2026-08-12T11:02:07,U000308,PLAN000308,EX0294,Keep,0.9998,Neutral,0.8855,Safe,0.9988,Keep,Safe,0.0,Keep,False,,ml_and_rule_agree,
PRED0000309,2026-08-12T11:02:07,U000309,PLAN000309,EX0180,Reduce Difficulty,0.9982,Like,0.9989,Safe,0.9987,Reduce Difficulty,Safe,0.0,Reduce Difficulty,False,,ml_and_rule_agree,
PRED0000310,2026-08-12T11:02:07,U000310,PLAN000310,EX0004,Reduce Difficulty,0.9588,Like,0.7586,Safe,0.9896,Reduce Difficulty,Safe,0.0,Reduce Difficulty,False,,ml_and_rule_agree,
PRED0000311,2026-08-12T11:02:07,U000311,PLAN000311,EX0003,Keep,0.9999,Neutral,0.7935,Safe,0.9999,Keep,Safe,0.0,Keep,False,,ml_and_rule_agree,
PRED0000312,2026-08-12T11:02:07,U000312,PLAN000312,EX0190,Keep,0.9999,Like,0.6511,Safe,0.9998,Keep,Safe,0.0,Keep,False,,ml_and_rule_agree,
PRED0000313,2026-08-12T11:02:08,U000313,PLAN000313,EX0277,Keep,1.0,Like,0.9969,Safe,0.9998,Keep,Safe,0.0,Keep,False,,ml_and_rule_agree,
PRED0000314,2026-08-12T11:02:08,U000314,PLAN000314,EX0004,Reduce Difficulty,1.0,Like,0.6531,Safe,0.9976,Reduce Difficulty,Safe,0.0,Reduce Difficulty,False,,ml_and_rule_agree,
PRED0000315,2026-08-12T11:02:08,U000315,PLAN000315,EX0281,Reduce Difficulty,1.0,Neutral,0.8371,Safe,0.9989,Reduce Difficulty,Safe,0.0,Reduce Difficulty,False,,ml_and_rule_agree,
PRED0000316,2026-08-12T11:02:08,U000316,PLAN000316,EX0004,Keep,1.0,Like,0.9966,Safe,0.9997,Keep,Safe,0.0,Keep,False,,ml_and_rule_agree,
PRED0000317,2026-08-12T11:02:08,U000317,PLAN000317,EX0277,Reduce Difficulty,0.9991,Like,0.997,Safe,0.9997,Reduce Difficulty,Safe,0.0,Reduce Difficulty,False,,ml_and_rule_agree,
PRED0000318,2026-08-12T11:02:08,U000318,PLAN000318,EX0180,Keep,1.0,Dislike,0.9994,Safe,0.9994,Keep,Safe,0.0,Replace Exercise,False,,preference_dislike_adjustment,
PRED0000319,2026-08-12T11:02:08,U000319,PLAN000319,EX0004,Keep,0.9997,Like,0.9965,Safe,0.9994,Keep,Safe,0.0,Keep,False,,ml_and_rule_agree,
PRED0000320,2026-08-12T11:02:08,U000320,PLAN000320,EX0026,Keep,0.9999,Neutral,0.8488,Safe,0.9997,Keep,Safe,0.0,Keep,False,,ml_and_rule_agree,
PRED0000321,2026-08-12T11:02:08,U000321,PLAN000321,EX0281,Keep,0.9999,Like,0.6434,Safe,0.9997,Keep,Safe,0.0,Keep,False,,ml_and_rule_agree,
PRED0000322,2026-08-12T11:02:08,U000322,PLAN000322,EX0004,Keep,0.9999,Like,0.6437,Safe,0.9979,Keep,Safe,0.0,Keep,False,,ml_and_rule_agree,
PRED0000323,2026-08-12T11:02:08,U000323,PLAN000323,EX0046,Reduce Volume,0.9998,Like,0.7129,Safe,0.9997,Reduce Volume,Safe,0.0,Reduce Volume,False,,ml_and_rule_agree,
PRED0000324,2026-08-12T11:02:08,U000324,PLAN000324,EX0011,Keep,1.0,Like,0.9971,Safe,0.9975,Keep,Safe,0.0,Keep,False,,ml_and_rule_agree,
PRED0000325,2026-08-12T11:02:08,U000325,PLAN000325,EX0075,Keep,1.0,Like,0.9974,Safe,0.9971,Keep,Safe,0.0,Keep,False,,ml_and_rule_agree,
PRED0000326,2026-08-12T11:02:08,U000326,PLAN000326,EX0004,Keep,1.0,Like,0.7347,Safe,0.9935,Keep,Safe,0.0,Keep,False,,ml_and_rule_agree,
PRED0000327,2026-08-12T11:02:08,U000327,PLAN000327,EX0004,Keep,0.9999,Neutral,0.8194,Safe,0.9973,Keep,Safe,0.0,Keep,False,,ml_and_rule_agree,
PRED0000328,2026-08-12T11:02:08,U000328,PLAN000328,EX0026,Keep,1.0,Dislike,0.9994,Review,0.9945,Review Safety,Review,0.55,Review Safety,False,,rule_safety_priority,
PRED0000329,2026-08-12T11:02:08,U000329,PLAN000329,EX0160,Reduce Volume,0.9997,Dislike,0.9996,Safe,0.996,Reduce Volume,Safe,0.0,Reduce Volume,False,,ml_and_rule_agree,
PRED0000330,2026-08-12T11:02:08,U000330,PLAN000330,EX0003,Keep,0.9934,Neutral,0.7243,Safe,0.9998,Keep,Safe,0.0,Keep,False,,ml_and_rule_agree,
PRED0000331,2026-08-12T11:02:08,U000331,PLAN000331,EX0107,Reduce Difficulty,1.0,Like,0.7558,Safe,0.9999,Reduce Difficulty,Safe,0.0,Reduce Difficulty,False,,ml_and_rule_agree,
PRED0000332,2026-08-12T11:02:08,U000332,PLAN000332,EX0011,Keep,1.0,Like,0.6389,Safe,0.9976,Reduce Volume,Safe,0.0,Keep,False,,ml_recommendation,
PRED0000333,2026-08-12T11:02:08,U000333,PLAN000333,EX0004,Reduce Difficulty,0.9998,Like,0.9972,Safe,0.9957,Review Safety,Safe,0.0,Reduce Difficulty,False,,ml_recommendation,
PRED0000334,2026-08-12T11:02:08,U000334,PLAN000334,EX0319,Keep,1.0,Like,0.9924,Safe,0.9998,Keep,Safe,0.0,Keep,False,,ml_and_rule_agree,
PRED0000335,2026-08-12T11:02:08,U000335,PLAN000335,EX0004,Keep,0.9999,Like,0.997,Safe,0.9994,Keep,Safe,0.0,Keep,False,,ml_and_rule_agree,
PRED0000336,2026-08-12T11:02:08,U000336,PLAN000336,EX0004,Keep,0.9976,Like,0.5675,Safe,0.9998,Keep,Safe,0.0,Keep,False,,ml_and_rule_agree,
PRED0000337,2026-08-12T11:02:08,U000337,PLAN000337,EX0079,Reduce Volume,0.9996,Neutral,0.753,Safe,0.9998,Reduce Volume,Safe,0.0,Reduce Volume,False,,ml_and_rule_agree,
PRED0000338,2026-08-12T11:02:08,U000338,PLAN000338,EX0004,Reduce Difficulty,1.0,Neutral,0.9103,Safe,0.9964,Reduce Difficulty,Safe,0.0,Reduce Difficulty,False,,ml_and_rule_agree,
PRED0000339,2026-08-12T11:02:08,U000339,PLAN000339,EX0180,Reduce Difficulty,1.0,Like,0.8238,Safe,0.9992,Reduce Difficulty,Safe,0.0,Reduce Difficulty,False,,ml_and_rule_agree,
PRED0000340,2026-08-12T11:02:08,U000340,PLAN000340,EX0004,Keep,0.9999,Dislike,0.9995,Safe,0.9973,Keep,Safe,0.0,Replace Exercise,False,,preference_dislike_adjustment,
PRED0000341,2026-08-12T11:02:08,U000341,PLAN000341,EX0172,Keep,1.0,Like,0.72,Safe,0.998,Keep,Safe,0.0,Keep,False,,ml_and_rule_agree,
PRED0000342,2026-08-12T11:02:08,U000342,PLAN000342,EX0004,Keep,0.9999,Like,0.9956,Safe,0.9992,Keep,Safe,0.0,Keep,False,,ml_and_rule_agree,
PRED0000343,2026-08-12T11:02:09,U000343,PLAN000343,EX0026,Keep,0.9999,Neutral,0.8303,Safe,0.9994,Keep,Safe,0.0,Keep,False,,ml_and_rule_agree,
PRED0000344,2026-08-12T11:02:09,U000344,PLAN000344,EX0026,Keep,1.0,Like,0.6618,Safe,0.9995,Keep,Safe,0.0,Keep,False,,ml_and_rule_agree,
PRED0000345,2026-08-12T11:02:09,U000345,PLAN000345,EX0194,Keep,1.0,Neutral,0.8412,Safe,0.9986,Keep,Safe,0.0,Keep,False,,ml_and_rule_agree,
PRED0000346,2026-08-12T11:02:09,U000346,PLAN000346,EX0095,Reduce Difficulty,1.0,Dislike,0.9995,Monitor,0.9965,Reduce Difficulty,Monitor,0.25,Reduce Difficulty,False,,ml_and_rule_agree,
PRED0000347,2026-08-12T11:02:09,U000347,PLAN000347,EX0004,Keep,1.0,Like,0.5111,Safe,0.9987,Keep,Safe,0.0,Keep,False,,ml_and_rule_agree,
PRED0000348,2026-08-12T11:02:09,U000348,PLAN000348,EX0194,Reduce Difficulty,1.0,Like,0.9982,Monitor,0.9862,Reduce Difficulty,Monitor,0.25,Reduce Difficulty,False,,ml_and_rule_agree,
PRED0000349,2026-08-12T11:02:09,U000349,PLAN000349,EX0227,Increase Difficulty,0.9994,Like,0.7348,Safe,0.9998,Increase Difficulty,Safe,0.0,Increase Difficulty,False,,ml_and_rule_agree,
PRED0000350,2026-08-12T11:02:09,U000350,PLAN000350,EX0004,Keep,0.9984,Like,0.9968,Safe,0.998,Keep,Safe,0.0,Keep,False,,ml_and_rule_agree,
PRED0000351,2026-08-12T11:02:09,U000351,PLAN000351,EX0026,Keep,0.9997,Neutral,0.8321,Safe,0.9999,Keep,Safe,0.0,Keep,False,,ml_and_rule_agree,
PRED0000352,2026-08-12T11:02:09,U000352,PLAN000352,EX0004,Reduce Difficulty,1.0,Like,0.7061,Safe,0.9972,Reduce Difficulty,Safe,0.0,Reduce Difficulty,False,,ml_and_rule_agree,
PRED0000353,2026-08-12T11:02:09,U000353,PLAN000353,EX0160,Keep,0.9853,Like,0.9976,Safe,0.9998,Reduce Volume,Safe,0.0,Keep,False,,ml_recommendation,
PRED0000354,2026-08-12T11:02:09,U000354,PLAN000354,EX0004,Reduce Difficulty,0.9999,Dislike,0.9996,Safe,0.9984,Reduce Difficulty,Safe,0.0,Reduce Difficulty,False,,ml_and_rule_agree,
PRED0000355,2026-08-12T11:02:09,U000355,PLAN000355,EX0179,Reduce Difficulty,1.0,Like,0.9977,Safe,0.9997,Reduce Difficulty,Safe,0.0,Reduce Difficulty,False,,ml_and_rule_agree,
PRED0000356,2026-08-12T11:02:09,U000356,PLAN000356,EX0180,Reduce Difficulty,1.0,Like,0.8178,Safe,0.9999,Reduce Difficulty,Safe,0.0,Reduce Difficulty,False,,ml_and_rule_agree,
PRED0000357,2026-08-12T11:02:09,U000357,PLAN000357,EX0004,Keep,1.0,Neutral,0.854,Safe,0.9992,Keep,Safe,0.0,Keep,False,,ml_and_rule_agree,
PRED0000358,2026-08-12T11:02:09,U000358,PLAN000358,EX0277,Keep,0.9998,Like,0.9974,Safe,0.9998,Keep,Safe,0.0,Keep,False,,ml_and_rule_agree,
PRED0000359,2026-08-12T11:02:09,U000359,PLAN000359,EX0197,Keep,0.9998,Dislike,0.9998,Safe,0.9996,Keep,Safe,0.0,Replace Exercise,False,,preference_dislike_adjustment,
PRED0000360,2026-08-12T11:02:09,U000360,PLAN000360,EX0004,Reduce Difficulty,0.9991,Like,0.9975,Safe,0.9918,Reduce Difficulty,Safe,0.0,Reduce Difficulty,False,,ml_and_rule_agree,
PRED0000361,2026-08-12T11:02:09,U000361,PLAN000361,EX0004,Reduce Difficulty,0.9997,Like,0.9975,Safe,0.9995,Reduce Difficulty,Safe,0.0,Reduce Difficulty,False,,ml_and_rule_agree,
PRED0000362,2026-08-12T11:02:09,U000362,PLAN000362,EX0004,Reduce Difficulty,0.9999,Dislike,0.9997,Safe,0.9959,Reduce Difficulty,Safe,0.0,Reduce Difficulty,False,,ml_and_rule_agree,
PRED0000363,2026-08-12T11:02:09,U000363,PLAN000363,EX0180,Reduce Difficulty,1.0,Neutral,0.8638,Safe,0.9999,Reduce Difficulty,Safe,0.0,Reduce Difficulty,False,,ml_and_rule_agree,
PRED0000364,2026-08-12T11:02:09,U000364,PLAN000364,EX0194,Keep,0.9999,Like,0.6301,Safe,0.5584,Keep,Safe,0.1,Keep,False,,ml_and_rule_agree,
PRED0000365,2026-08-12T11:02:09,U000365,PLAN000365,EX0046,Reduce Volume,0.9996,Neutral,0.9237,Safe,0.9962,Reduce Volume,Safe,0.0,Reduce Volume,False,,ml_and_rule_agree,
PRED0000366,2026-08-12T11:02:09,U000366,PLAN000366,EX0004,Keep,1.0,Like,0.6759,Safe,0.995,Keep,Safe,0.0,Keep,False,,ml_and_rule_agree,
PRED0000367,2026-08-12T11:02:09,U000367,PLAN000367,EX0026,Keep,1.0,Like,0.6805,Safe,0.9996,Keep,Safe,0.0,Keep,False,,ml_and_rule_agree,
PRED0000368,2026-08-12T11:02:09,U000368,PLAN000368,EX0004,Reduce Difficulty,0.9983,Neutral,0.8992,Safe,0.9994,Reduce Difficulty,Safe,0.0,Reduce Difficulty,False,,ml_and_rule_agree,
PRED0000369,2026-08-12T11:02:09,U000369,PLAN000369,EX0227,Reduce Difficulty,0.9999,Dislike,0.9992,Safe,0.9992,Reduce Difficulty,Safe,0.0,Reduce Difficulty,False,,ml_and_rule_agree,
PRED0000370,2026-08-12T11:02:09,U000370,PLAN000370,EX0004,Reduce Difficulty,1.0,Neutral,0.8968,Safe,0.9961,Reduce Difficulty,Safe,0.0,Reduce Difficulty,False,,ml_and_rule_agree,
PRED0000371,2026-08-12T11:02:09,U000371,PLAN000371,EX0004,Reduce Volume,0.9995,Like,0.5538,Safe,0.9997,Reduce Volume,Safe,0.0,Reduce Volume,False,,ml_and_rule_agree,
PRED0000372,2026-08-12T11:02:09,U000372,PLAN000372,EX0004,Keep,0.9999,Like,0.6462,Safe,0.9991,Keep,Safe,0.0,Keep,False,,ml_and_rule_agree,
PRED0000373,2026-08-12T11:02:10,U000373,PLAN000373,EX0003,Reduce Volume,0.9997,Dislike,0.9996,Safe,0.9951,Reduce Volume,Safe,0.0,Reduce Volume,False,,ml_and_rule_agree,
PRED0000374,2026-08-12T11:02:10,U000374,PLAN000374,EX0227,Reduce Difficulty,0.9975,Like,0.998,Safe,0.9992,Reduce Difficulty,Safe,0.0,Reduce Difficulty,False,,ml_and_rule_agree,
PRED0000375,2026-08-12T11:02:10,U000375,PLAN000375,EX0088,Reduce Volume,0.9995,Dislike,0.9991,Monitor,0.9933,Reduce Volume,Monitor,0.25,Reduce Volume,False,,ml_and_rule_agree,
PRED0000376,2026-08-12T11:02:10,U000376,PLAN000376,EX0181,Review Safety,0.9996,Like,0.9979,Review,0.9977,Review Safety,Review,0.55,Review Safety,False,,rule_safety_priority,
PRED0000377,2026-08-12T11:02:10,U000377,PLAN000377,EX0180,Keep,0.9998,Dislike,0.9992,Safe,0.9999,Replace Exercise,Safe,0.0,Replace Exercise,False,,preference_dislike_adjustment,
PRED0000378,2026-08-12T11:02:10,U000378,PLAN000378,EX0137,Keep,0.9974,Like,0.9973,Safe,0.9997,Reduce Volume,Safe,0.0,Keep,False,,ml_recommendation,
PRED0000379,2026-08-12T11:02:10,U000379,PLAN000379,EX0274,Reduce Difficulty,1.0,Like,0.9982,Safe,0.9997,Reduce Difficulty,Safe,0.0,Reduce Difficulty,False,,ml_and_rule_agree,
PRED0000380,2026-08-12T11:02:10,U000380,PLAN000380,EX0004,Keep,0.9997,Like,0.5501,Safe,0.9993,Keep,Safe,0.0,Keep,False,,ml_and_rule_agree,
PRED0000381,2026-08-12T11:02:10,U000381,PLAN000381,EX0143,Reduce Difficulty,0.9998,Like,0.6875,Safe,0.9994,Reduce Difficulty,Safe,0.0,Reduce Difficulty,False,,ml_and_rule_agree,
PRED0000382,2026-08-12T11:02:10,U000382,PLAN000382,EX0004,Reduce Difficulty,1.0,Dislike,0.9993,Safe,0.9975,Reduce Difficulty,Safe,0.0,Reduce Difficulty,False,,ml_and_rule_agree,
PRED0000383,2026-08-12T11:02:10,U000383,PLAN000383,EX0026,Reduce Difficulty,1.0,Dislike,0.9993,Safe,0.9982,Reduce Difficulty,Safe,0.0,Reduce Difficulty,False,,ml_and_rule_agree,
PRED0000384,2026-08-12T11:02:10,U000384,PLAN000384,EX0242,Keep,0.9998,Dislike,0.9994,Safe,0.9996,Keep,Safe,0.0,Replace Exercise,False,,preference_dislike_adjustment,
PRED0000385,2026-08-12T11:02:10,U000385,PLAN000385,EX0026,Keep,0.9999,Neutral,0.8645,Safe,0.9999,Keep,Safe,0.0,Keep,False,,ml_and_rule_agree,
PRED0000386,2026-08-12T11:02:10,U000386,PLAN000386,EX0004,Reduce Difficulty,0.9999,Like,0.9964,Safe,0.9984,Reduce Difficulty,Safe,0.0,Reduce Difficulty,False,,ml_and_rule_agree,
PRED0000387,2026-08-12T11:02:10,U000387,PLAN000387,EX0180,Reduce Difficulty,1.0,Dislike,0.9995,Safe,0.9982,Reduce Difficulty,Safe,0.0,Reduce Difficulty,False,,ml_and_rule_agree,
PRED0000388,2026-08-12T11:02:10,U000388,PLAN000388,EX0004,Reduce Difficulty,0.9999,Dislike,0.9991,Safe,0.9994,Reduce Difficulty,Safe,0.0,Reduce Difficulty,False,,ml_and_rule_agree,
PRED0000389,2026-08-12T11:02:10,U000389,PLAN000389,EX0004,Reduce Difficulty,0.9998,Like,0.9959,Safe,0.9967,Reduce Difficulty,Safe,0.0,Reduce Difficulty,False,,ml_and_rule_agree,
PRED0000390,2026-08-12T11:02:10,U000390,PLAN000390,EX0277,Reduce Difficulty,1.0,Like,0.7389,Safe,0.9988,Reduce Difficulty,Safe,0.0,Reduce Difficulty,False,,ml_and_rule_agree,
PRED0000391,2026-08-12T11:02:10,U000391,PLAN000391,EX0052,Reduce Difficulty,0.9993,Dislike,0.9997,Safe,0.9998,Reduce Difficulty,Safe,0.0,Reduce Difficulty,False,,ml_and_rule_agree,
PRED0000392,2026-08-12T11:02:10,U000392,PLAN000392,EX0095,Keep,0.9999,Dislike,0.9992,Safe,0.9981,Keep,Safe,0.0,Replace Exercise,False,,preference_dislike_adjustment,
PRED0000393,2026-08-12T11:02:10,U000393,PLAN000393,EX0004,Keep,0.9998,Neutral,0.8482,Safe,0.9998,Keep,Safe,0.0,Keep,False,,ml_and_rule_agree,
PRED0000394,2026-08-12T11:02:10,U000394,PLAN000394,EX0004,Reduce Difficulty,1.0,Like,0.9967,Safe,0.9993,Reduce Difficulty,Safe,0.0,Reduce Difficulty,False,,ml_and_rule_agree,
PRED0000395,2026-08-12T11:02:10,U000395,PLAN000395,EX0125,Reduce Difficulty,1.0,Like,0.7915,Safe,0.9975,Reduce Difficulty,Safe,0.0,Reduce Difficulty,False,,ml_and_rule_agree,
PRED0000396,2026-08-12T11:02:10,U000396,PLAN000396,EX0004,Reduce Difficulty,0.9708,Like,0.52,Safe,0.9995,Reduce Difficulty,Safe,0.0,Reduce Difficulty,False,,ml_and_rule_agree,
PRED0000397,2026-08-12T11:02:10,U000397,PLAN000397,EX0003,Reduce Volume,0.9996,Dislike,0.9997,Safe,0.9999,Reduce Volume,Safe,0.0,Reduce Volume,False,,ml_and_rule_agree,
PRED0000398,2026-08-12T11:02:10,U000398,PLAN000398,EX0224,Reduce Difficulty,0.9999,Like,0.9967,Safe,0.9997,Reduce Difficulty,Safe,0.0,Reduce Difficulty,False,,ml_and_rule_agree,
PRED0000399,2026-08-12T11:02:10,U000399,PLAN000399,EX0004,Reduce Difficulty,0.9999,Neutral,0.8492,Safe,0.9974,Reduce Difficulty,Safe,0.0,Reduce Difficulty,False,,ml_and_rule_agree,
PRED0000400,2026-08-12T11:02:10,U000400,PLAN000400,EX0004,Keep,1.0,Neutral,0.8576,Safe,0.9993,Keep,Safe,0.0,Keep,False,,ml_and_rule_agree,
PRED0000401,2026-08-12T11:02:10,U000401,PLAN000401,EX0227,Reduce Difficulty,1.0,Dislike,0.9985,Safe,0.9983,Reduce Difficulty,Safe,0.0,Reduce Difficulty,False,,ml_and_rule_agree,
PRED0000402,2026-08-12T11:02:11,U000402,PLAN000402,EX0004,Keep,0.9999,Like,0.8134,Safe,0.9993,Keep,Safe,0.0,Keep,False,,ml_and_rule_agree,
PRED0000403,2026-08-12T11:02:11,U000403,PLAN000403,EX0179,Reduce Difficulty,0.9999,Dislike,0.9994,Safe,0.9985,Reduce Difficulty,Safe,0.0,Reduce Difficulty,False,,ml_and_rule_agree,
PRED0000404,2026-08-12T11:02:11,U000404,PLAN000404,EX0004,Reduce Difficulty,1.0,Like,0.9975,Monitor,0.9872,Reduce Difficulty,Monitor,0.25,Reduce Difficulty,False,,ml_and_rule_agree,
PRED0000405,2026-08-12T11:02:11,U000405,PLAN000405,EX0004,Replace Exercise,0.9997,Like,0.9974,Safe,0.9991,Replace Exercise,Safe,0.0,Replace Exercise,False,,ml_and_rule_agree,
PRED0000406,2026-08-12T11:02:11,U000406,PLAN000406,EX0004,Keep,0.9998,Neutral,0.8371,Safe,0.9986,Keep,Safe,0.0,Keep,False,,ml_and_rule_agree,
PRED0000407,2026-08-12T11:02:11,U000407,PLAN000407,EX0279,Reduce Difficulty,0.9999,Like,0.9984,Safe,0.9939,Reduce Difficulty,Safe,0.0,Reduce Difficulty,False,,ml_and_rule_agree,
PRED0000408,2026-08-12T11:02:11,U000408,PLAN000408,EX0004,Reduce Difficulty,0.9998,Neutral,0.8227,Safe,0.9993,Reduce Difficulty,Safe,0.0,Reduce Difficulty,False,,ml_and_rule_agree,
PRED0000409,2026-08-12T11:02:11,U000409,PLAN000409,EX0004,Keep,0.9996,Like,0.9974,Safe,0.9984,Keep,Safe,0.0,Keep,False,,ml_and_rule_agree,
PRED0000410,2026-08-12T11:02:11,U000410,PLAN000410,EX0287,Keep,0.9996,Like,0.7626,Review,0.5699,Keep,Monitor,0.25,Keep,False,,ml_and_rule_agree,
PRED0000411,2026-08-12T11:02:11,U000411,PLAN000411,EX0319,Keep,0.9998,Neutral,0.8383,Safe,0.9999,Keep,Safe,0.0,Keep,False,,ml_and_rule_agree,
PRED0000412,2026-08-12T11:02:11,U000412,PLAN000412,EX0281,Keep,0.9986,Dislike,0.9996,Safe,0.9989,Keep,Safe,0.0,Replace Exercise,False,,preference_dislike_adjustment,
PRED0000413,2026-08-12T11:02:11,U000413,PLAN000413,EX0004,Reduce Difficulty,0.9995,Dislike,0.9994,Safe,0.9985,Reduce Difficulty,Safe,0.0,Reduce Difficulty,False,,ml_and_rule_agree,
PRED0000414,2026-08-12T11:02:11,U000414,PLAN000414,EX0004,Reduce Difficulty,1.0,Like,0.9971,Safe,0.9985,Reduce Difficulty,Safe,0.0,Reduce Difficulty,False,,ml_and_rule_agree,
PRED0000415,2026-08-12T11:02:11,U000415,PLAN000415,EX0004,Keep,0.9902,Like,0.5477,Safe,0.9998,Keep,Safe,0.0,Keep,False,,ml_and_rule_agree,
PRED0000416,2026-08-12T11:02:11,U000416,PLAN000416,EX0026,Reduce Difficulty,0.9999,Like,0.9985,Safe,0.9991,Reduce Difficulty,Safe,0.0,Reduce Difficulty,False,,ml_and_rule_agree,
PRED0000417,2026-08-12T11:02:11,U000417,PLAN000417,EX0179,Keep,0.9997,Neutral,0.8931,Safe,0.9998,Keep,Safe,0.0,Keep,False,,ml_and_rule_agree,
PRED0000418,2026-08-12T11:02:11,U000418,PLAN000418,EX0095,Keep,0.9997,Like,0.599,Safe,0.9955,Keep,Safe,0.0,Keep,False,,ml_and_rule_agree,
PRED0000419,2026-08-12T11:02:11,U000419,PLAN000419,EX0003,Reduce Difficulty,1.0,Like,0.6545,Safe,0.9997,Reduce Difficulty,Safe,0.0,Reduce Difficulty,False,,ml_and_rule_agree,
PRED0000420,2026-08-12T11:02:11,U000420,PLAN000420,EX0227,Reduce Difficulty,0.9999,Like,0.9983,Safe,0.9986,Reduce Difficulty,Safe,0.0,Reduce Difficulty,False,,ml_and_rule_agree,
PRED0000421,2026-08-12T11:02:11,U000421,PLAN000421,EX0009,Reduce Difficulty,0.9999,Dislike,0.9995,Safe,0.9998,Reduce Difficulty,Safe,0.0,Reduce Difficulty,False,,ml_and_rule_agree,
PRED0000422,2026-08-12T11:02:11,U000422,PLAN000422,EX0105,Keep,0.9999,Like,0.7342,Safe,0.9989,Keep,Safe,0.0,Keep,False,,ml_and_rule_agree,
PRED0000423,2026-08-12T11:02:11,U000423,PLAN000423,EX0269,Reduce Difficulty,1.0,Like,0.6757,Safe,0.9995,Reduce Difficulty,Safe,0.0,Reduce Difficulty,False,,ml_and_rule_agree,
PRED0000424,2026-08-12T11:02:11,U000424,PLAN000424,EX0227,Reduce Difficulty,0.9998,Like,0.9986,Safe,0.9993,Reduce Difficulty,Safe,0.0,Reduce Difficulty,False,,ml_and_rule_agree,
PRED0000425,2026-08-12T11:02:11,U000425,PLAN000425,EX0004,Reduce Volume,0.8559,Like,0.5727,Safe,0.9998,Keep,Safe,0.0,Reduce Volume,False,,ml_recommendation,
PRED0000426,2026-08-12T11:02:11,U000426,PLAN000426,EX0059,Keep,0.9994,Dislike,0.9997,Safe,0.9996,Keep,Safe,0.0,Replace Exercise,False,,preference_dislike_adjustment,
PRED0000427,2026-08-12T11:02:11,U000427,PLAN000427,EX0004,Keep,0.9997,Like,0.9968,Safe,0.9981,Keep,Safe,0.0,Keep,False,,ml_and_rule_agree,
PRED0000428,2026-08-12T11:02:11,U000428,PLAN000428,EX0004,Reduce Difficulty,1.0,Like,0.9973,Safe,0.9893,Reduce Difficulty,Safe,0.0,Reduce Difficulty,False,,ml_and_rule_agree,
PRED0000429,2026-08-12T11:02:11,U000429,PLAN000429,EX0026,Reduce Difficulty,0.9997,Like,0.6286,Safe,0.9998,Reduce Difficulty,Safe,0.0,Reduce Difficulty,False,,ml_and_rule_agree,
PRED0000430,2026-08-12T11:02:11,U000430,PLAN000430,EX0270,Reduce Difficulty,1.0,Neutral,0.9039,Safe,0.9988,Reduce Difficulty,Safe,0.0,Reduce Difficulty,False,,ml_and_rule_agree,
PRED0000431,2026-08-12T11:02:11,U000431,PLAN000431,EX0004,Reduce Difficulty,0.9999,Like,0.9982,Safe,0.9952,Reduce Difficulty,Safe,0.0,Reduce Difficulty,False,,ml_and_rule_agree,
PRED0000432,2026-08-12T11:02:12,U000432,PLAN000432,EX0145,Keep,0.9998,Neutral,0.8595,Safe,0.9986,Keep,Safe,0.0,Keep,False,,ml_and_rule_agree,
PRED0000433,2026-08-12T11:02:12,U000433,PLAN000433,EX0004,Reduce Volume,0.9995,Dislike,0.9997,Safe,0.9991,Reduce Volume,Safe,0.0,Reduce Volume,False,,ml_and_rule_agree,
PRED0000434,2026-08-12T11:02:12,U000434,PLAN000434,EX0037,Keep,0.8343,Dislike,0.9996,Safe,0.9994,Increase Difficulty,Safe,0.0,Replace Exercise,False,,preference_dislike_adjustment,
PRED0000435,2026-08-12T11:02:12,U000435,PLAN000435,EX0003,Reduce Difficulty,1.0,Like,0.9955,Safe,0.9997,Reduce Difficulty,Safe,0.0,Reduce Difficulty,False,,ml_and_rule_agree,
PRED0000436,2026-08-12T11:02:12,U000436,PLAN000436,EX0026,Reduce Difficulty,0.9999,Neutral,0.8336,Safe,0.9997,Reduce Difficulty,Safe,0.0,Reduce Difficulty,False,,ml_and_rule_agree,
PRED0000437,2026-08-12T11:02:12,U000437,PLAN000437,EX0004,Replace Exercise,0.9998,Dislike,0.9996,Safe,0.9984,Replace Exercise,Safe,0.0,Replace Exercise,False,,ml_and_rule_agree,
PRED0000438,2026-08-12T11:02:12,U000438,PLAN000438,EX0227,Review Safety,0.9998,Neutral,0.9106,Review,0.9974,Review Safety,Review,0.55,Review Safety,False,,rule_safety_priority,
PRED0000439,2026-08-12T11:02:12,U000439,PLAN000439,EX0004,Reduce Difficulty,0.9998,Like,0.9958,Safe,0.9987,Reduce Difficulty,Safe,0.0,Reduce Difficulty,False,,ml_and_rule_agree,
PRED0000440,2026-08-12T11:02:12,U000440,PLAN000440,EX0011,Reduce Volume,0.9996,Neutral,0.9059,Safe,0.9991,Reduce Volume,Safe,0.0,Reduce Volume,False,,ml_and_rule_agree,
PRED0000441,2026-08-12T11:02:12,U000441,PLAN000441,EX0004,Reduce Volume,0.9999,Neutral,0.8731,Safe,0.9997,Reduce Volume,Safe,0.0,Reduce Volume,False,,ml_and_rule_agree,
PRED0000442,2026-08-12T11:02:12,U000442,PLAN000442,EX0004,Keep,0.9913,Like,0.9965,Safe,0.9988,Keep,Safe,0.0,Keep,False,,ml_and_rule_agree,
PRED0000443,2026-08-12T11:02:12,U000443,PLAN000443,EX0179,Reduce Difficulty,0.9998,Like,0.8182,Safe,0.9978,Reduce Difficulty,Safe,0.0,Reduce Difficulty,False,,ml_and_rule_agree,
PRED0000444,2026-08-12T11:02:12,U000444,PLAN000444,EX0004,Reduce Difficulty,1.0,Dislike,0.9995,Safe,0.9912,Reduce Difficulty,Safe,0.0,Reduce Difficulty,False,,ml_and_rule_agree,
PRED0000445,2026-08-12T11:02:12,U000445,PLAN000445,EX0277,Keep,0.9997,Like,0.9972,Safe,0.9998,Keep,Safe,0.0,Keep,False,,ml_and_rule_agree,
PRED0000446,2026-08-12T11:02:12,U000446,PLAN000446,EX0004,Keep,0.9985,Like,0.9965,Safe,0.9988,Reduce Volume,Safe,0.0,Keep,False,,ml_recommendation,
PRED0000447,2026-08-12T11:02:12,U000447,PLAN000447,EX0004,Reduce Difficulty,0.9999,Dislike,0.9992,Safe,0.9989,Reduce Difficulty,Safe,0.0,Reduce Difficulty,False,,ml_and_rule_agree,
PRED0000448,2026-08-12T11:02:12,U000448,PLAN000448,EX0154,Reduce Difficulty,0.9999,Neutral,0.8321,Safe,0.9995,Reduce Difficulty,Safe,0.0,Reduce Difficulty,False,,ml_and_rule_agree,
PRED0000449,2026-08-12T11:02:12,U000449,PLAN000449,EX0281,Keep,0.9998,Like,0.5391,Safe,0.9996,Keep,Safe,0.0,Keep,False,,ml_and_rule_agree,
PRED0000450,2026-08-12T11:02:12,U000450,PLAN000450,EX0116,Reduce Difficulty,1.0,Like,0.8804,Monitor,0.9913,Reduce Difficulty,Monitor,0.25,Reduce Difficulty,False,,ml_and_rule_agree,
PRED0000451,2026-08-12T11:02:12,U000451,PLAN000451,EX0004,Reduce Difficulty,1.0,Like,0.621,Safe,0.9971,Reduce Difficulty,Safe,0.0,Reduce Difficulty,False,,ml_and_rule_agree,
PRED0000452,2026-08-12T11:02:12,U000452,PLAN000452,EX0026,Keep,0.9998,Like,0.6299,Safe,0.9997,Keep,Safe,0.0,Keep,False,,ml_and_rule_agree,
PRED0000453,2026-08-12T11:02:12,U000453,PLAN000453,EX0190,Reduce Volume,0.9998,Neutral,0.8306,Safe,0.9998,Reduce Volume,Safe,0.0,Reduce Volume,False,,ml_and_rule_agree,
PRED0000454,2026-08-12T11:02:12,U000454,PLAN000454,EX0179,Reduce Volume,0.9994,Like,0.9994,Safe,0.9986,Reduce Volume,Safe,0.0,Reduce Volume,False,,ml_and_rule_agree,
PRED0000455,2026-08-12T11:02:12,U000455,PLAN000455,EX0004,Reduce Volume,0.4522,Like,0.9967,Safe,0.9986,Keep,Safe,0.0,Keep,False,,fallback_to_rule_based,
PRED0000456,2026-08-12T11:02:12,U000456,PLAN000456,EX0004,Reduce Difficulty,1.0,Like,0.6275,Safe,0.9971,Reduce Difficulty,Safe,0.0,Reduce Difficulty,False,,ml_and_rule_agree,
PRED0000457,2026-08-12T11:02:12,U000457,PLAN000457,EX0107,Keep,0.5411,Like,0.9989,Safe,0.9967,Reduce Volume,Safe,0.0,Reduce Volume,False,,fallback_to_rule_based,
PRED0000458,2026-08-12T11:02:12,U000458,PLAN000458,EX0196,Replace Exercise,0.9997,Dislike,0.9997,Safe,0.9998,Replace Exercise,Safe,0.0,Replace Exercise,False,,ml_and_rule_agree,
PRED0000459,2026-08-12T11:02:12,U000459,PLAN000459,EX0025,Reduce Volume,0.9997,Like,0.9973,Safe,0.9998,Reduce Volume,Safe,0.0,Reduce Volume,False,,ml_and_rule_agree,
PRED0000460,2026-08-12T11:02:13,U000460,PLAN000460,EX0227,Reduce Difficulty,0.9999,Neutral,0.9204,Safe,0.9993,Reduce Difficulty,Safe,0.0,Reduce Difficulty,False,,ml_and_rule_agree,
PRED0000461,2026-08-12T11:02:13,U000461,PLAN000461,EX0227,Reduce Difficulty,1.0,Like,0.8478,Safe,0.9962,Reduce Difficulty,Safe,0.0,Reduce Difficulty,False,,ml_and_rule_agree,
PRED0000462,2026-08-12T11:02:13,U000462,PLAN000462,EX0009,Reduce Difficulty,0.9999,Neutral,0.7545,Safe,0.9996,Reduce Difficulty,Safe,0.0,Reduce Difficulty,False,,ml_and_rule_agree,
PRED0000463,2026-08-12T11:02:13,U000463,PLAN000463,EX0004,Reduce Difficulty,1.0,Like,0.7112,Safe,0.9905,Reduce Difficulty,Safe,0.0,Reduce Difficulty,False,,ml_and_rule_agree,
PRED0000464,2026-08-12T11:02:13,U000464,PLAN000464,EX0026,Keep,0.9999,Dislike,0.9992,Safe,0.9988,Keep,Safe,0.0,Replace Exercise,False,,preference_dislike_adjustment,
PRED0000465,2026-08-12T11:02:13,U000465,PLAN000465,EX0004,Keep,0.5556,Dislike,0.9995,Safe,0.9991,Reduce Volume,Safe,0.0,Reduce Volume,False,,fallback_to_rule_based,
PRED0000466,2026-08-12T11:02:13,U000466,PLAN000466,EX0004,Reduce Volume,0.9998,Like,0.7551,Safe,0.9967,Reduce Volume,Safe,0.0,Reduce Volume,False,,ml_and_rule_agree,
PRED0000467,2026-08-12T11:02:13,U000467,PLAN000467,EX0274,Reduce Difficulty,1.0,Like,0.8215,Safe,0.999,Reduce Difficulty,Safe,0.0,Reduce Difficulty,False,,ml_and_rule_agree,
PRED0000468,2026-08-12T11:02:13,U000468,PLAN000468,EX0020,Reduce Difficulty,1.0,Like,0.6545,Monitor,0.7057,Reduce Difficulty,Monitor,0.25,Reduce Difficulty,False,,ml_and_rule_agree,
PRED0000469,2026-08-12T11:02:13,U000469,PLAN000469,EX0231,Reduce Volume,0.9999,Like,0.815,Safe,0.9989,Reduce Volume,Safe,0.0,Reduce Volume,False,,ml_and_rule_agree,
PRED0000470,2026-08-12T11:02:13,U000470,PLAN000470,EX0179,Reduce Difficulty,0.9999,Like,0.7209,Safe,0.9996,Reduce Difficulty,Safe,0.0,Reduce Difficulty,False,,ml_and_rule_agree,
PRED0000471,2026-08-12T11:02:13,U000471,PLAN000471,EX0004,Reduce Difficulty,0.9994,Neutral,0.8644,Safe,0.9967,Reduce Difficulty,Safe,0.0,Reduce Difficulty,False,,ml_and_rule_agree,
PRED0000472,2026-08-12T11:02:13,U000472,PLAN000472,EX0196,Reduce Volume,0.9997,Neutral,0.7768,Safe,0.9999,Reduce Volume,Safe,0.0,Reduce Volume,False,,ml_and_rule_agree,
PRED0000473,2026-08-12T11:02:13,U000473,PLAN000473,EX0004,Keep,0.9997,Dislike,0.9994,Safe,0.9963,Keep,Safe,0.0,Replace Exercise,False,,preference_dislike_adjustment,
PRED0000474,2026-08-12T11:02:13,U000474,PLAN000474,EX0137,Keep,0.9998,Like,0.998,Safe,0.9977,Keep,Safe,0.0,Keep,False,,ml_and_rule_agree,
PRED0000475,2026-08-12T11:02:13,U000475,PLAN000475,EX0180,Reduce Volume,0.9136,Dislike,0.999,Safe,0.9998,Reduce Volume,Safe,0.0,Reduce Volume,False,,ml_and_rule_agree,
PRED0000476,2026-08-12T11:02:13,U000476,PLAN000476,EX0004,Reduce Volume,0.9996,Like,0.6798,Safe,0.996,Reduce Volume,Safe,0.0,Reduce Volume,False,,ml_and_rule_agree,
PRED0000477,2026-08-12T11:02:13,U000477,PLAN000477,EX0026,Keep,0.9997,Like,0.562,Safe,0.9999,Keep,Safe,0.0,Keep,False,,ml_and_rule_agree,
PRED0000478,2026-08-12T11:02:13,U000478,PLAN000478,EX0004,Keep,0.9997,Like,0.9962,Safe,0.9988,Keep,Safe,0.0,Keep,False,,ml_and_rule_agree,
PRED0000479,2026-08-12T11:02:13,U000479,PLAN000479,EX0004,Keep,0.9988,Like,0.9959,Safe,0.9997,Keep,Safe,0.0,Keep,False,,ml_and_rule_agree,
PRED0000480,2026-08-12T11:02:13,U000480,PLAN000480,EX0004,Reduce Volume,0.9995,Dislike,0.9993,Safe,0.9999,Reduce Volume,Safe,0.0,Reduce Volume,False,,ml_and_rule_agree,
PRED0000481,2026-08-12T11:02:13,U000481,PLAN000481,EX0009,Keep,0.8724,Dislike,0.4964,Safe,0.9997,Keep,Safe,0.0,Keep,False,,ml_and_rule_agree,
PRED0000482,2026-08-12T11:02:13,U000482,PLAN000482,EX0004,Reduce Volume,0.9993,Like,0.9953,Safe,0.9979,Reduce Volume,Safe,0.0,Reduce Volume,False,,ml_and_rule_agree,
PRED0000483,2026-08-12T11:02:13,U000483,PLAN000483,EX0004,Reduce Difficulty,0.9997,Like,0.9965,Safe,0.9965,Reduce Difficulty,Safe,0.0,Reduce Difficulty,False,,ml_and_rule_agree,
PRED0000484,2026-08-12T11:02:13,U000484,PLAN000484,EX0004,Reduce Difficulty,0.9999,Like,0.998,Safe,0.9994,Reduce Difficulty,Safe,0.0,Reduce Difficulty,False,,ml_and_rule_agree,
PRED0000485,2026-08-12T11:02:13,U000485,PLAN000485,EX0227,Keep,0.9999,Neutral,0.9306,Safe,0.9993,Keep,Safe,0.0,Keep,False,,ml_and_rule_agree,
PRED0000486,2026-08-12T11:02:13,U000486,PLAN000486,EX0004,Keep,0.9996,Like,0.653,Safe,0.9985,Keep,Safe,0.0,Keep,False,,ml_and_rule_agree,
PRED0000487,2026-08-12T11:02:14,U000487,PLAN000487,EX0004,Keep,0.8497,Like,0.6029,Safe,0.9963,Keep,Safe,0.0,Keep,False,,ml_and_rule_agree,
PRED0000488,2026-08-12T11:02:14,U000488,PLAN000488,EX0004,Reduce Difficulty,0.9999,Like,0.9968,Safe,0.9969,Reduce Difficulty,Safe,0.0,Reduce Difficulty,False,,ml_and_rule_agree,
PRED0000489,2026-08-12T11:02:14,U000489,PLAN000489,EX0180,Keep,0.9999,Like,0.9983,Safe,0.9983,Keep,Safe,0.0,Keep,False,,ml_and_rule_agree,
PRED0000490,2026-08-12T11:02:14,U000490,PLAN000490,EX0004,Keep,0.9997,Neutral,0.8378,Safe,0.9981,Keep,Safe,0.0,Keep,False,,ml_and_rule_agree,
PRED0000491,2026-08-12T11:02:14,U000491,PLAN000491,EX0004,Reduce Difficulty,0.9989,Dislike,0.9992,Safe,0.9943,Reduce Difficulty,Safe,0.0,Reduce Difficulty,False,,ml_and_rule_agree,
PRED0000492,2026-08-12T11:02:14,U000492,PLAN000492,EX0004,Keep,0.9999,Like,0.5599,Safe,0.9998,Keep,Safe,0.0,Keep,False,,ml_and_rule_agree,
PRED0000493,2026-08-12T11:02:14,U000493,PLAN000493,EX0037,Keep,0.9785,Like,0.9968,Safe,0.9996,Keep,Safe,0.0,Keep,False,,ml_and_rule_agree,
PRED0000494,2026-08-12T11:02:14,U000494,PLAN000494,EX0004,Reduce Difficulty,0.9999,Dislike,0.9995,Safe,0.9996,Reduce Difficulty,Safe,0.0,Reduce Difficulty,False,,ml_and_rule_agree,
PRED0000495,2026-08-12T11:02:14,U000495,PLAN000495,EX0004,Reduce Difficulty,0.9999,Like,0.998,Review,0.998,Review Safety,Review,0.55,Review Safety,False,,rule_safety_priority,
PRED0000496,2026-08-12T11:02:14,U000496,PLAN000496,EX0224,Reduce Difficulty,1.0,Like,0.9963,Safe,0.9988,Reduce Difficulty,Safe,0.0,Reduce Difficulty,False,,ml_and_rule_agree,
PRED0000497,2026-08-12T11:02:14,U000497,PLAN000497,EX0179,Reduce Difficulty,0.9985,Dislike,0.9993,Safe,0.9998,Reduce Difficulty,Safe,0.0,Reduce Difficulty,False,,ml_and_rule_agree,
PRED0000498,2026-08-12T11:02:14,U000498,PLAN000498,EX0004,Reduce Difficulty,0.9998,Like,0.9981,Safe,0.9964,Reduce Difficulty,Safe,0.0,Reduce Difficulty,False,,ml_and_rule_agree,
PRED0000499,2026-08-12T11:02:14,U000499,PLAN000499,EX0004,Reduce Difficulty,0.9999,Like,0.6889,Safe,0.997,Reduce Difficulty,Safe,0.0,Reduce Difficulty,False,,ml_and_rule_agree,
PRED0000500,2026-08-12T11:02:14,U000500,PLAN000500,EX0026,Reduce Difficulty,0.9998,Like,0.9969,Safe,0.999,Reduce Difficulty,Safe,0.0,Reduce Difficulty,False,,ml_and_rule_agree,
